,B25071_001E,B25071_001EA,B25071_001M,B25071_001MA,GEO_ID,NAME,state,county,tract
0,23.1,,9.2,,1400000US06073000100,,06,073,000100
1,29.2,,3.9,,1400000US06073000201,,06,073,000201
2,26.5,,5.3,,1400000US06073000202,,06,073,000202
3,27.4,,5.6,,1400000US06073000301,,06,073,000301
4,35.6,,7.2,,1400000US06073000302,,06,073,000302
5,31.2,,4.8,,1400000US06073000400,,06,073,000400
6,27.3,,2.4,,1400000US06073000500,,06,073,000500
7,26.1,,2.7,,1400000US06073000600,,06,073,000600
8,23.9,,3.4,,1400000US06073000700,,06,073,000700
9,31.8,,4.4,,1400000US06073000800,,06,073,000800
10,25.9,,3.4,,1400000US06073000901,,06,073,000901
11,28.7,,3.0,,1400000US06073000902,,06,073,000902
12,30.1,,4.2,,1400000US06073001000,,06,073,001000
13,27.7,,2.2,,1400000US06073001100,,06,073,001100
14,31.5,,9.3,,1400000US06073001201,,06,073,001201
15,31.1,,3.6,,1400000US06073001202,,06,073,001202
16,24.8,,5.3,,1400000US06073001301,,06,073,001301
17,34.1,,5.0,,1400000US06073001302,,06,073,001302
18,28.5,,7.1,,1400000US06073001400,,06,073,001400
19,26.2,,7.2,,1400000US06073001500,,06,073,001500
20,33.8,,4.4,,1400000US06073001600,,06,073,001600
21,27.2,,6.0,,1400000US06073001700,,06,073,001700
22,34.3,,9.1,,1400000US06073001801,,06,073,001801
23,29.5,,4.1,,1400000US06073001802,,06,073,001802
24,27.4,,3.9,,1400000US06073001900,,06,073,001900
25,37.8,,7.1,,1400000US06073002001,,06,073,002001
26,38.4,,20.9,,1400000US06073002002,,06,073,002002
27,29.2,,3.8,,1400000US06073002100,,06,073,002100
28,34.9,,11.4,,1400000US06073002201,,06,073,002201
29,34.7,,4.8,,1400000US06073002202,,06,073,002202
30,31.4,,4.8,,1400000US06073002301,,06,073,002301
31,35.3,,7.5,,1400000US06073002302,,06,073,002302
32,31.8,,2.2,,1400000US06073002401,,06,073,002401
33,39.4,,10.2,,1400000US06073002402,,06,073,002402
34,38.8,,9.3,,1400000US06073002501,,06,073,002501
35,30.5,,11.8,,1400000US06073002502,,06,073,002502
36,31.7,,3.9,,1400000US06073002601,,06,073,002601
37,39.3,,17.2,,1400000US06073002602,,06,073,002602
38,43.3,,10.0,,1400000US06073002702,,06,073,002702
39,28.8,,4.1,,1400000US06073002703,,06,073,002703
40,36.8,,4.3,,1400000US06073002705,,06,073,002705
41,40.9,,16.5,,1400000US06073002707,,06,073,002707
42,39.9,,4.8,,1400000US06073002708,,06,073,002708
43,42.8,,20.4,,1400000US06073002709,,06,073,002709
44,39.4,,11.7,,1400000US06073002710,,06,073,002710
45,39.8,,29.2,,1400000US06073002711,,06,073,002711
46,46.4,,23.0,,1400000US06073002712,,06,073,002712
47,51.0,50.0+,-333333333.0,***,1400000US06073002801,,06,073,002801
48,32.9,,4.4,,1400000US06073002803,,06,073,002803
49,39.4,,14.2,,1400000US06073002804,,06,073,002804
50,42.6,,10.8,,1400000US06073002902,,06,073,002902
51,51.0,50.0+,-333333333.0,***,1400000US06073002903,,06,073,002903
52,45.8,,9.7,,1400000US06073002904,,06,073,002904
53,32.4,,9.4,,1400000US06073002905,,06,073,002905
54,23.4,,4.7,,1400000US06073003001,,06,073,003001
55,51.0,50.0+,-333333333.0,***,1400000US06073003003,,06,073,003003
56,38.1,,9.2,,1400000US06073003004,,06,073,003004
57,33.1,,4.7,,1400000US06073003101,,06,073,003101
58,27.2,,21.4,,1400000US06073003103,,06,073,003103
59,32.4,,0.8,,1400000US06073003105,,06,073,003105
60,41.9,,7.4,,1400000US06073003107,,06,073,003107
61,51.0,50.0+,-333333333.0,***,1400000US06073003108,,06,073,003108
62,33.6,,5.5,,1400000US06073003109,,06,073,003109
63,43.2,,10.0,,1400000US06073003111,,06,073,003111
64,25.6,,8.0,,1400000US06073003112,,06,073,003112
65,23.7,,3.6,,1400000US06073003113,,06,073,003113
66,27.8,,6.3,,1400000US06073003114,,06,073,003114
67,45.0,,32.3,,1400000US06073003115,,06,073,003115
68,47.9,,11.6,,1400000US06073003201,,06,073,003201
69,36.8,,14.9,,1400000US06073003202,,06,073,003202
70,27.0,,20.1,,1400000US06073003204,,06,073,003204
71,38.3,,11.9,,1400000US06073003207,,06,073,003207
72,27.7,,11.9,,1400000US06073003208,,06,073,003208
73,42.5,,7.5,,1400000US06073003209,,06,073,003209
74,28.3,,25.2,,1400000US06073003211,,06,073,003211
75,48.1,,6.4,,1400000US06073003212,,06,073,003212
76,33.6,,29.7,,1400000US06073003213,,06,073,003213
77,42.5,,14.5,,1400000US06073003214,,06,073,003214
78,30.3,,8.7,,1400000US06073003301,,06,073,003301
79,33.0,,6.5,,1400000US06073003303,,06,073,003303
80,44.8,,9.0,,1400000US06073003304,,06,073,003304
81,39.7,,7.2,,1400000US06073003305,,06,073,003305
82,37.7,,10.7,,1400000US06073003401,,06,073,003401
83,33.8,,5.5,,1400000US06073003403,,06,073,003403
84,35.0,,5.2,,1400000US06073003404,,06,073,003404
85,43.6,,11.1,,1400000US06073003501,,06,073,003501
86,35.5,,11.5,,1400000US06073003502,,06,073,003502
87,24.3,,8.2,,1400000US06073003601,,06,073,003601
88,33.4,,10.0,,1400000US06073003602,,06,073,003602
89,33.8,,12.1,,1400000US06073003603,,06,073,003603
90,-666666666.0,-,-222222222.0,**,1400000US06073003800,,06,073,003800
91,29.7,,11.6,,1400000US06073003901,,06,073,003901
92,51.0,50.0+,-333333333.0,***,1400000US06073003902,,06,073,003902
93,48.9,,16.2,,1400000US06073004000,,06,073,004000
94,44.5,,10.1,,1400000US06073004101,,06,073,004101
95,36.7,,13.2,,1400000US06073004102,,06,073,004102
96,28.3,,2.4,,1400000US06073004200,,06,073,004200
97,24.5,,2.6,,1400000US06073004300,,06,073,004300
98,25.4,,3.4,,1400000US06073004400,,06,073,004400
99,30.9,,4.9,,1400000US06073004501,,06,073,004501
100,30.5,,3.2,,1400000US06073004600,,06,073,004600
101,34.5,,2.6,,1400000US06073004700,,06,073,004700
102,48.2,,26.7,,1400000US06073004800,,06,073,004800
103,38.5,,8.7,,1400000US06073004900,,06,073,004900
104,30.6,,9.1,,1400000US06073005000,,06,073,005000
105,29.5,,3.1,,1400000US06073005101,,06,073,005101
106,40.8,,6.4,,1400000US06073005102,,06,073,005102
107,22.3,,8.4,,1400000US06073005103,,06,073,005103
108,30.1,,3.6,,1400000US06073005201,,06,073,005201
109,38.2,,7.5,,1400000US06073005202,,06,073,005202
110,29.7,,3.7,,1400000US06073005301,,06,073,005301
111,27.9,,2.4,,1400000US06073005302,,06,073,005302
112,20.1,,3.7,,1400000US06073005401,,06,073,005401
113,27.8,,12.4,,1400000US06073005402,,06,073,005402
114,31.5,,4.7,,1400000US06073005403,,06,073,005403
115,-666666666.0,-,-222222222.0,**,1400000US06073005500,,06,073,005500
116,29.0,,2.0,,1400000US06073005601,,06,073,005601
117,36.7,,14.4,,1400000US06073005602,,06,073,005602
118,30.3,,4.8,,1400000US06073005700,,06,073,005700
119,26.0,,3.8,,1400000US06073005801,,06,073,005801
120,28.4,,7.0,,1400000US06073005802,,06,073,005802
121,31.5,,5.2,,1400000US06073005900,,06,073,005900
122,27.3,,6.9,,1400000US06073006000,,06,073,006000
123,27.5,,3.9,,1400000US06073006100,,06,073,006100
124,-666666666.0,-,-222222222.0,**,1400000US06073006200,,06,073,006200
125,-666666666.0,-,-222222222.0,**,1400000US06073006300,,06,073,006300
126,40.2,,5.6,,1400000US06073006500,,06,073,006500
127,36.3,,7.5,,1400000US06073006600,,06,073,006600
128,30.5,,3.6,,1400000US06073006801,,06,073,006801
129,28.3,,2.8,,1400000US06073006802,,06,073,006802
130,40.2,,15.1,,1400000US06073006900,,06,073,006900
131,17.8,,13.2,,1400000US06073007002,,06,073,007002
132,51.0,50.0+,-333333333.0,***,1400000US06073007100,,06,073,007100
133,36.4,,25.2,,1400000US06073007200,,06,073,007200
134,51.0,50.0+,-333333333.0,***,1400000US06073007302,,06,073,007302
135,31.4,,11.0,,1400000US06073007303,,06,073,007303
136,34.0,,10.4,,1400000US06073007304,,06,073,007304
137,36.0,,4.0,,1400000US06073007401,,06,073,007401
138,28.3,,7.2,,1400000US06073007402,,06,073,007402
139,33.1,,4.0,,1400000US06073007501,,06,073,007501
140,29.5,,5.8,,1400000US06073007502,,06,073,007502
141,22.2,,5.8,,1400000US06073007601,,06,073,007601
142,24.5,,5.4,,1400000US06073007602,,06,073,007602
143,34.0,,4.1,,1400000US06073007701,,06,073,007701
144,30.7,,8.6,,1400000US06073007702,,06,073,007702
145,24.9,,5.1,,1400000US06073007800,,06,073,007800
146,28.6,,7.3,,1400000US06073007905,,06,073,007905
147,27.3,,1.5,,1400000US06073007907,,06,073,007907
148,30.0,,4.6,,1400000US06073007908,,06,073,007908
149,28.0,,4.0,,1400000US06073007910,,06,073,007910
150,24.9,,6.9,,1400000US06073007911,,06,073,007911
151,30.6,,2.8,,1400000US06073007912,,06,073,007912
152,22.7,,11.2,,1400000US06073008002,,06,073,008002
153,23.8,,2.9,,1400000US06073008003,,06,073,008003
154,26.6,,2.2,,1400000US06073008006,,06,073,008006
155,27.4,,8.5,,1400000US06073008101,,06,073,008101
156,19.5,,5.6,,1400000US06073008102,,06,073,008102
157,35.4,,15.1,,1400000US06073008201,,06,073,008201
158,45.8,,9.2,,1400000US06073008202,,06,073,008202
159,30.4,,41.3,,1400000US06073008301,,06,073,008301
160,30.9,,7.4,,1400000US06073008303,,06,073,008303
161,36.7,,5.4,,1400000US06073008305,,06,073,008305
162,22.1,,1.6,,1400000US06073008306,,06,073,008306
163,37.7,,4.7,,1400000US06073008307,,06,073,008307
164,51.0,50.0+,-333333333.0,***,1400000US06073008310,,06,073,008310
165,15.2,,6.1,,1400000US06073008311,,06,073,008311
166,34.9,,9.7,,1400000US06073008312,,06,073,008312
167,25.2,,17.7,,1400000US06073008313,,06,073,008313
168,21.5,,3.6,,1400000US06073008324,,06,073,008324
169,25.4,,11.8,,1400000US06073008327,,06,073,008327
170,51.0,50.0+,-333333333.0,***,1400000US06073008328,,06,073,008328
171,29.9,,17.3,,1400000US06073008330,,06,073,008330
172,28.2,,6.8,,1400000US06073008331,,06,073,008331
173,23.8,,8.2,,1400000US06073008336,,06,073,008336
174,27.9,,5.1,,1400000US06073008337,,06,073,008337
175,38.5,,8.5,,1400000US06073008339,,06,073,008339
176,32.0,,7.5,,1400000US06073008343,,06,073,008343
177,29.3,,8.7,,1400000US06073008344,,06,073,008344
178,51.0,50.0+,-333333333.0,***,1400000US06073008345,,06,073,008345
179,25.9,,5.3,,1400000US06073008346,,06,073,008346
180,27.9,,2.4,,1400000US06073008347,,06,073,008347
181,23.6,,5.8,,1400000US06073008348,,06,073,008348
182,24.1,,2.8,,1400000US06073008349,,06,073,008349
183,26.0,,5.7,,1400000US06073008350,,06,073,008350
184,30.9,,14.8,,1400000US06073008351,,06,073,008351
185,36.5,,26.1,,1400000US06073008352,,06,073,008352
186,26.5,,4.2,,1400000US06073008353,,06,073,008353
187,31.2,,2.5,,1400000US06073008355,,06,073,008355
188,25.5,,4.6,,1400000US06073008356,,06,073,008356
189,31.4,,3.3,,1400000US06073008357,,06,073,008357
190,34.7,,15.2,,1400000US06073008358,,06,073,008358
191,28.2,,1.8,,1400000US06073008359,,06,073,008359
192,31.5,,8.7,,1400000US06073008360,,06,073,008360
193,32.7,,8.2,,1400000US06073008361,,06,073,008361
194,31.7,,4.5,,1400000US06073008362,,06,073,008362
195,39.1,,11.9,,1400000US06073008363,,06,073,008363
196,28.4,,9.3,,1400000US06073008364,,06,073,008364
197,32.5,,25.1,,1400000US06073008365,,06,073,008365
198,33.9,,24.9,,1400000US06073008366,,06,073,008366
199,34.9,,9.7,,1400000US06073008367,,06,073,008367
200,35.9,,26.5,,1400000US06073008368,,06,073,008368
201,32.4,,3.1,,1400000US06073008369,,06,073,008369
202,27.2,,4.2,,1400000US06073008370,,06,073,008370
203,26.9,,10.3,,1400000US06073008371,,06,073,008371
204,36.6,,11.1,,1400000US06073008372,,06,073,008372
205,21.9,,6.9,,1400000US06073008373,,06,073,008373
206,33.2,,20.6,,1400000US06073008374,,06,073,008374
207,27.0,,8.8,,1400000US06073008375,,06,073,008375
208,31.9,,9.0,,1400000US06073008376,,06,073,008376
209,39.6,,18.2,,1400000US06073008377,,06,073,008377
210,48.8,,20.1,,1400000US06073008378,,06,073,008378
211,33.3,,5.5,,1400000US06073008379,,06,073,008379
212,38.7,,7.7,,1400000US06073008380,,06,073,008380
213,21.7,,9.5,,1400000US06073008381,,06,073,008381
214,40.2,,9.6,,1400000US06073008501,,06,073,008501
215,25.0,,10.9,,1400000US06073008502,,06,073,008502
216,34.6,,8.2,,1400000US06073008503,,06,073,008503
217,33.4,,11.2,,1400000US06073008504,,06,073,008504
218,42.0,,10.6,,1400000US06073008505,,06,073,008505
219,28.8,,4.5,,1400000US06073008506,,06,073,008506
220,36.1,,6.4,,1400000US06073008507,,06,073,008507
221,33.4,,4.4,,1400000US06073008509,,06,073,008509
222,34.8,,11.8,,1400000US06073008510,,06,073,008510
223,28.8,,5.1,,1400000US06073008511,,06,073,008511
224,27.9,,3.8,,1400000US06073008512,,06,073,008512
225,32.2,,7.7,,1400000US06073008513,,06,073,008513
226,29.0,,2.1,,1400000US06073008600,,06,073,008600
227,42.9,,11.4,,1400000US06073008701,,06,073,008701
228,33.6,,13.2,,1400000US06073008702,,06,073,008702
229,38.3,,10.2,,1400000US06073008800,,06,073,008800
230,35.9,,5.5,,1400000US06073008901,,06,073,008901
231,31.6,,5.0,,1400000US06073008902,,06,073,008902
232,23.5,,3.3,,1400000US06073009000,,06,073,009000
233,26.5,,7.1,,1400000US06073009101,,06,073,009101
234,36.8,,2.0,,1400000US06073009102,,06,073,009102
235,32.5,,5.0,,1400000US06073009103,,06,073,009103
236,21.1,,5.6,,1400000US06073009104,,06,073,009104
237,31.9,,6.1,,1400000US06073009107,,06,073,009107
238,31.3,,5.3,,1400000US06073009108,,06,073,009108
239,18.8,,2.2,,1400000US06073009109,,06,073,009109
240,51.0,50.0+,-333333333.0,***,1400000US06073009201,,06,073,009201
241,32.7,,7.3,,1400000US06073009203,,06,073,009203
242,19.1,,12.0,,1400000US06073009204,,06,073,009204
243,29.8,,10.8,,1400000US06073009301,,06,073,009301
244,32.7,,4.7,,1400000US06073009305,,06,073,009305
245,27.3,,3.2,,1400000US06073009306,,06,073,009306
246,27.3,,4.4,,1400000US06073009307,,06,073,009307
247,36.2,,4.8,,1400000US06073009308,,06,073,009308
248,46.7,,8.3,,1400000US06073009400,,06,073,009400
249,27.7,,7.8,,1400000US06073009502,,06,073,009502
250,35.2,,19.7,,1400000US06073009504,,06,073,009504
251,33.5,,5.0,,1400000US06073009505,,06,073,009505
252,28.2,,3.1,,1400000US06073009506,,06,073,009506
253,38.7,,5.2,,1400000US06073009507,,06,073,009507
254,28.4,,3.8,,1400000US06073009509,,06,073,009509
255,51.0,50.0+,-333333333.0,***,1400000US06073009510,,06,073,009510
256,51.0,50.0+,-333333333.0,***,1400000US06073009511,,06,073,009511
257,25.7,,4.5,,1400000US06073009602,,06,073,009602
258,39.3,,5.4,,1400000US06073009603,,06,073,009603
259,29.6,,10.0,,1400000US06073009604,,06,073,009604
260,19.8,,19.1,,1400000US06073009703,,06,073,009703
261,35.7,,3.4,,1400000US06073009704,,06,073,009704
262,23.6,,4.0,,1400000US06073009705,,06,073,009705
263,29.4,,10.4,,1400000US06073009706,,06,073,009706
264,27.7,,4.0,,1400000US06073009801,,06,073,009801
265,31.9,,7.6,,1400000US06073009802,,06,073,009802
266,23.3,,4.0,,1400000US06073009804,,06,073,009804
267,32.1,,5.1,,1400000US06073009805,,06,073,009805
268,-666666666.0,-,-222222222.0,**,1400000US06073009901,,06,073,009901
269,-666666666.0,-,-222222222.0,**,1400000US06073009902,,06,073,009902
270,28.3,,4.7,,1400000US06073010001,,06,073,010001
271,51.0,50.0+,-333333333.0,***,1400000US06073010003,,06,073,010003
272,29.5,,62.3,,1400000US06073010004,,06,073,010004
273,37.9,,26.7,,1400000US06073010005,,06,073,010005
274,34.8,,4.4,,1400000US06073010009,,06,073,010009
275,51.0,50.0+,-333333333.0,***,1400000US06073010010,,06,073,010010
276,31.5,,5.8,,1400000US06073010011,,06,073,010011
277,31.2,,5.9,,1400000US06073010012,,06,073,010012
278,34.0,,4.6,,1400000US06073010013,,06,073,010013
279,32.9,,20.3,,1400000US06073010015,,06,073,010015
280,-666666666.0,-,-222222222.0,**,1400000US06073010016,,06,073,010016
281,35.7,,7.0,,1400000US06073010017,,06,073,010017
282,37.0,,7.7,,1400000US06073010018,,06,073,010018
283,34.0,,5.2,,1400000US06073010019,,06,073,010019
284,35.2,,5.8,,1400000US06073010103,,06,073,010103
285,23.9,,5.2,,1400000US06073010104,,06,073,010104
286,39.9,,8.0,,1400000US06073010106,,06,073,010106
287,37.2,,17.5,,1400000US06073010107,,06,073,010107
288,40.5,,43.4,,1400000US06073010109,,06,073,010109
289,51.0,50.0+,-333333333.0,***,1400000US06073010110,,06,073,010110
290,41.4,,16.7,,1400000US06073010111,,06,073,010111
291,40.6,,8.3,,1400000US06073010112,,06,073,010112
292,32.8,,7.0,,1400000US06073010201,,06,073,010201
293,32.1,,3.0,,1400000US06073010202,,06,073,010202
294,36.7,,8.1,,1400000US06073010300,,06,073,010300
295,39.0,,10.4,,1400000US06073010401,,06,073,010401
296,36.4,,3.8,,1400000US06073010402,,06,073,010402
297,23.8,,2.1,,1400000US06073010501,,06,073,010501
298,33.3,,3.1,,1400000US06073010502,,06,073,010502
299,38.0,,11.0,,1400000US06073010601,,06,073,010601
300,32.7,,6.0,,1400000US06073010800,,06,073,010800
301,28.5,,3.0,,1400000US06073010900,,06,073,010900
302,37.2,,13.3,,1400000US06073011000,,06,073,011000
303,36.7,,8.0,,1400000US06073011100,,06,073,011100
304,32.2,,9.1,,1400000US06073011300,,06,073,011300
305,25.0,,6.4,,1400000US06073011601,,06,073,011601
306,23.9,,2.9,,1400000US06073011602,,06,073,011602
307,35.4,,3.5,,1400000US06073011700,,06,073,011700
308,42.9,,19.9,,1400000US06073011801,,06,073,011801
309,47.3,,11.0,,1400000US06073011802,,06,073,011802
310,51.0,50.0+,-333333333.0,***,1400000US06073011902,,06,073,011902
311,32.1,,1.7,,1400000US06073012002,,06,073,012002
312,38.1,,15.7,,1400000US06073012003,,06,073,012003
313,34.5,,9.3,,1400000US06073012101,,06,073,012101
314,38.5,,17.3,,1400000US06073012102,,06,073,012102
315,35.0,,5.4,,1400000US06073012200,,06,073,012200
316,35.6,,5.8,,1400000US06073012302,,06,073,012302
317,45.9,,10.8,,1400000US06073012303,,06,073,012303
318,45.7,,11.5,,1400000US06073012304,,06,073,012304
319,27.8,,3.2,,1400000US06073012401,,06,073,012401
320,33.7,,7.2,,1400000US06073012402,,06,073,012402
321,34.9,,13.8,,1400000US06073012501,,06,073,012501
322,33.3,,7.7,,1400000US06073012502,,06,073,012502
323,32.2,,9.7,,1400000US06073012600,,06,073,012600
324,33.5,,5.1,,1400000US06073012700,,06,073,012700
325,42.3,,5.3,,1400000US06073012800,,06,073,012800
326,30.2,,9.9,,1400000US06073012900,,06,073,012900
327,37.7,,4.5,,1400000US06073013000,,06,073,013000
328,38.9,,4.4,,1400000US06073013102,,06,073,013102
329,32.8,,11.7,,1400000US06073013103,,06,073,013103
330,39.2,,8.4,,1400000US06073013104,,06,073,013104
331,37.0,,5.8,,1400000US06073013203,,06,073,013203
332,41.1,,10.0,,1400000US06073013204,,06,073,013204
333,36.2,,12.5,,1400000US06073013205,,06,073,013205
334,40.7,,10.5,,1400000US06073013206,,06,073,013206
335,36.5,,7.0,,1400000US06073013301,,06,073,013301
336,35.1,,7.2,,1400000US06073013302,,06,073,013302
337,34.9,,37.3,,1400000US06073013303,,06,073,013303
338,44.2,,15.7,,1400000US06073013306,,06,073,013306
339,36.5,,28.7,,1400000US06073013307,,06,073,013307
340,34.7,,19.9,,1400000US06073013308,,06,073,013308
341,30.7,,5.2,,1400000US06073013309,,06,073,013309
342,18.7,,17.8,,1400000US06073013312,,06,073,013312
343,31.3,,2.8,,1400000US06073013315,,06,073,013315
344,31.4,,5.9,,1400000US06073013316,,06,073,013316
345,36.2,,24.2,,1400000US06073013317,,06,073,013317
346,26.5,,2.4,,1400000US06073013318,,06,073,013318
347,51.0,50.0+,-333333333.0,***,1400000US06073013319,,06,073,013319
348,44.0,,7.5,,1400000US06073013320,,06,073,013320
349,32.9,,41.6,,1400000US06073013321,,06,073,013321
350,29.2,,13.0,,1400000US06073013322,,06,073,013322
351,21.8,,4.6,,1400000US06073013323,,06,073,013323
352,34.4,,11.0,,1400000US06073013324,,06,073,013324
353,39.5,,32.2,,1400000US06073013325,,06,073,013325
354,24.9,,15.7,,1400000US06073013326,,06,073,013326
355,35.0,,23.8,,1400000US06073013327,,06,073,013327
356,18.7,,4.7,,1400000US06073013401,,06,073,013401
357,46.4,,10.1,,1400000US06073013409,,06,073,013409
358,20.2,,20.1,,1400000US06073013411,,06,073,013411
359,37.7,,15.6,,1400000US06073013412,,06,073,013412
360,21.7,,14.4,,1400000US06073013414,,06,073,013414
361,15.3,,32.4,,1400000US06073013415,,06,073,013415
362,42.6,,8.9,,1400000US06073013416,,06,073,013416
363,32.6,,25.5,,1400000US06073013417,,06,073,013417
364,51.0,50.0+,-333333333.0,***,1400000US06073013418,,06,073,013418
365,51.0,50.0+,-333333333.0,***,1400000US06073013420,,06,073,013420
366,25.6,,9.3,,1400000US06073013421,,06,073,013421
367,21.4,,10.9,,1400000US06073013422,,06,073,013422
368,31.3,,6.6,,1400000US06073013423,,06,073,013423
369,19.9,,17.9,,1400000US06073013424,,06,073,013424
370,-666666666.0,-,-222222222.0,**,1400000US06073013425,,06,073,013425
371,37.1,,7.4,,1400000US06073013503,,06,073,013503
372,23.0,,11.1,,1400000US06073013504,,06,073,013504
373,34.0,,9.8,,1400000US06073013505,,06,073,013505
374,26.5,,8.5,,1400000US06073013506,,06,073,013506
375,28.6,,7.4,,1400000US06073013601,,06,073,013601
376,35.4,,6.4,,1400000US06073013604,,06,073,013604
377,51.0,50.0+,-333333333.0,***,1400000US06073013605,,06,073,013605
378,28.7,,27.4,,1400000US06073013607,,06,073,013607
379,48.7,,20.3,,1400000US06073013608,,06,073,013608
380,38.8,,9.4,,1400000US06073013701,,06,073,013701
381,35.8,,4.5,,1400000US06073013702,,06,073,013702
382,51.0,50.0+,-333333333.0,***,1400000US06073013801,,06,073,013801
383,28.2,,10.7,,1400000US06073013802,,06,073,013802
384,24.7,,8.4,,1400000US06073013903,,06,073,013903
385,37.0,,11.9,,1400000US06073013905,,06,073,013905
386,33.4,,4.6,,1400000US06073013906,,06,073,013906
387,30.4,,9.3,,1400000US06073013907,,06,073,013907
388,22.2,,9.2,,1400000US06073013908,,06,073,013908
389,51.0,50.0+,-333333333.0,***,1400000US06073013909,,06,073,013909
390,36.9,,5.7,,1400000US06073014001,,06,073,014001
391,35.5,,9.7,,1400000US06073014002,,06,073,014002
392,32.5,,5.0,,1400000US06073014101,,06,073,014101
393,34.4,,7.7,,1400000US06073014102,,06,073,014102
394,32.2,,1.7,,1400000US06073014200,,06,073,014200
395,27.7,,13.2,,1400000US06073014300,,06,073,014300
396,44.7,,12.9,,1400000US06073014400,,06,073,014400
397,36.4,,6.1,,1400000US06073014500,,06,073,014500
398,29.8,,8.5,,1400000US06073014601,,06,073,014601
399,35.7,,7.4,,1400000US06073014602,,06,073,014602
400,27.8,,3.0,,1400000US06073014701,,06,073,014701
401,48.8,,19.9,,1400000US06073014702,,06,073,014702
402,33.1,,5.8,,1400000US06073014803,,06,073,014803
403,37.9,,5.8,,1400000US06073014804,,06,073,014804
404,30.0,,12.7,,1400000US06073014805,,06,073,014805
405,35.4,,10.8,,1400000US06073014806,,06,073,014806
406,34.4,,5.7,,1400000US06073014901,,06,073,014901
407,34.9,,3.4,,1400000US06073014902,,06,073,014902
408,29.4,,12.5,,1400000US06073015001,,06,073,015001
409,41.8,,6.2,,1400000US06073015002,,06,073,015002
410,33.6,,5.2,,1400000US06073015100,,06,073,015100
411,27.6,,3.5,,1400000US06073015200,,06,073,015200
412,51.0,50.0+,-333333333.0,***,1400000US06073015301,,06,073,015301
413,33.6,,13.9,,1400000US06073015302,,06,073,015302
414,28.1,,35.6,,1400000US06073015403,,06,073,015403
415,43.2,,15.2,,1400000US06073015405,,06,073,015405
416,39.1,,31.1,,1400000US06073015406,,06,073,015406
417,51.0,50.0+,-333333333.0,***,1400000US06073015407,,06,073,015407
418,34.0,,13.3,,1400000US06073015408,,06,073,015408
419,32.4,,14.2,,1400000US06073015501,,06,073,015501
420,40.9,,20.5,,1400000US06073015502,,06,073,015502
421,37.8,,12.9,,1400000US06073015601,,06,073,015601
422,26.7,,27.5,,1400000US06073015602,,06,073,015602
423,51.0,50.0+,-333333333.0,***,1400000US06073015701,,06,073,015701
424,51.0,50.0+,-333333333.0,***,1400000US06073015704,,06,073,015704
425,42.0,,6.6,,1400000US06073015705,,06,073,015705
426,36.6,,12.2,,1400000US06073015706,,06,073,015706
427,36.9,,4.8,,1400000US06073015801,,06,073,015801
428,34.5,,5.6,,1400000US06073015802,,06,073,015802
429,48.5,,8.3,,1400000US06073015901,,06,073,015901
430,51.0,50.0+,-333333333.0,***,1400000US06073015902,,06,073,015902
431,28.6,,12.5,,1400000US06073016000,,06,073,016000
432,51.0,50.0+,-333333333.0,***,1400000US06073016100,,06,073,016100
433,41.7,,31.1,,1400000US06073016201,,06,073,016201
434,32.3,,5.0,,1400000US06073016202,,06,073,016202
435,43.0,,8.1,,1400000US06073016301,,06,073,016301
436,41.0,,7.5,,1400000US06073016302,,06,073,016302
437,31.5,,15.0,,1400000US06073016401,,06,073,016401
438,39.5,,14.6,,1400000US06073016403,,06,073,016403
439,29.2,,10.6,,1400000US06073016404,,06,073,016404
440,44.7,,6.6,,1400000US06073016502,,06,073,016502
441,29.4,,7.8,,1400000US06073016503,,06,073,016503
442,45.9,,10.9,,1400000US06073016504,,06,073,016504
443,34.2,,3.5,,1400000US06073016606,,06,073,016606
444,32.0,,15.4,,1400000US06073016607,,06,073,016607
445,37.1,,20.6,,1400000US06073016608,,06,073,016608
446,33.4,,7.1,,1400000US06073016609,,06,073,016609
447,29.2,,10.8,,1400000US06073016610,,06,073,016610
448,40.1,,29.5,,1400000US06073016613,,06,073,016613
449,35.0,,14.3,,1400000US06073016614,,06,073,016614
450,40.3,,5.2,,1400000US06073016615,,06,073,016615
451,45.6,,3.0,,1400000US06073016616,,06,073,016616
452,51.0,50.0+,-333333333.0,***,1400000US06073016617,,06,073,016617
453,31.2,,7.2,,1400000US06073016618,,06,073,016618
454,42.7,,12.4,,1400000US06073016619,,06,073,016619
455,51.0,50.0+,-333333333.0,***,1400000US06073016620,,06,073,016620
456,42.3,,18.3,,1400000US06073016621,,06,073,016621
457,23.5,,5.1,,1400000US06073016703,,06,073,016703
458,34.7,,6.0,,1400000US06073016704,,06,073,016704
459,36.1,,3.5,,1400000US06073016705,,06,073,016705
460,34.1,,3.5,,1400000US06073016706,,06,073,016706
461,31.9,,10.8,,1400000US06073016804,,06,073,016804
462,29.4,,7.0,,1400000US06073016806,,06,073,016806
463,42.5,,14.1,,1400000US06073016807,,06,073,016807
464,28.5,,4.6,,1400000US06073016809,,06,073,016809
465,51.0,50.0+,-333333333.0,***,1400000US06073016810,,06,073,016810
466,27.4,,4.3,,1400000US06073016811,,06,073,016811
467,23.8,,8.9,,1400000US06073016812,,06,073,016812
468,33.4,,9.7,,1400000US06073016813,,06,073,016813
469,42.4,,38.1,,1400000US06073016901,,06,073,016901
470,33.2,,14.0,,1400000US06073016902,,06,073,016902
471,34.8,,24.0,,1400000US06073017006,,06,073,017006
472,32.1,,6.2,,1400000US06073017009,,06,073,017009
473,25.0,,10.4,,1400000US06073017010,,06,073,017010
474,40.3,,24.4,,1400000US06073017014,,06,073,017014
475,37.8,,9.0,,1400000US06073017018,,06,073,017018
476,29.7,,30.7,,1400000US06073017020,,06,073,017020
477,23.5,,17.1,,1400000US06073017021,,06,073,017021
478,34.0,,5.4,,1400000US06073017022,,06,073,017022
479,26.2,,2.2,,1400000US06073017031,,06,073,017031
480,38.7,,15.7,,1400000US06073017033,,06,073,017033
481,32.2,,3.2,,1400000US06073017034,,06,073,017034
482,28.3,,3.3,,1400000US06073017035,,06,073,017035
483,19.8,,10.6,,1400000US06073017036,,06,073,017036
484,38.1,,4.6,,1400000US06073017037,,06,073,017037
485,30.3,,22.3,,1400000US06073017039,,06,073,017039
486,36.6,,18.6,,1400000US06073017040,,06,073,017040
487,34.7,,10.4,,1400000US06073017041,,06,073,017041
488,33.5,,3.9,,1400000US06073017043,,06,073,017043
489,26.9,,14.9,,1400000US06073017044,,06,073,017044
490,17.5,,8.9,,1400000US06073017045,,06,073,017045
491,28.1,,3.7,,1400000US06073017046,,06,073,017046
492,22.2,,7.2,,1400000US06073017047,,06,073,017047
493,35.2,,7.5,,1400000US06073017048,,06,073,017048
494,22.0,,3.1,,1400000US06073017049,,06,073,017049
495,33.5,,15.1,,1400000US06073017050,,06,073,017050
496,29.1,,6.0,,1400000US06073017051,,06,073,017051
497,31.4,,4.1,,1400000US06073017052,,06,073,017052
498,26.8,,17.2,,1400000US06073017053,,06,073,017053
499,32.6,,8.8,,1400000US06073017054,,06,073,017054
500,24.6,,4.9,,1400000US06073017055,,06,073,017055
501,39.2,,5.2,,1400000US06073017056,,06,073,017056
502,32.8,,10.3,,1400000US06073017057,,06,073,017057
503,23.9,,10.0,,1400000US06073017058,,06,073,017058
504,51.0,50.0+,-333333333.0,***,1400000US06073017059,,06,073,017059
505,29.0,,41.5,,1400000US06073017060,,06,073,017060
506,51.0,50.0+,-333333333.0,***,1400000US06073017061,,06,073,017061
507,34.3,,51.9,,1400000US06073017062,,06,073,017062
508,31.9,,6.5,,1400000US06073017063,,06,073,017063
509,17.2,,2.7,,1400000US06073017064,,06,073,017064
510,33.4,,15.2,,1400000US06073017065,,06,073,017065
511,47.4,,31.9,,1400000US06073017066,,06,073,017066
512,30.9,,24.6,,1400000US06073017067,,06,073,017067
513,29.8,,5.8,,1400000US06073017068,,06,073,017068
514,30.5,,17.1,,1400000US06073017069,,06,073,017069
515,40.0,,9.6,,1400000US06073017070,,06,073,017070
516,37.6,,9.6,,1400000US06073017071,,06,073,017071
517,33.8,,6.3,,1400000US06073017104,,06,073,017104
518,30.9,,5.8,,1400000US06073017106,,06,073,017106
519,41.8,,17.6,,1400000US06073017107,,06,073,017107
520,24.0,,14.2,,1400000US06073017108,,06,073,017108
521,28.1,,5.2,,1400000US06073017109,,06,073,017109
522,46.4,,27.8,,1400000US06073017111,,06,073,017111
523,-666666666.0,-,-222222222.0,**,1400000US06073017112,,06,073,017112
524,32.3,,5.6,,1400000US06073017113,,06,073,017113
525,20.8,,12.0,,1400000US06073017201,,06,073,017201
526,34.5,,14.7,,1400000US06073017202,,06,073,017202
527,51.0,50.0+,-333333333.0,***,1400000US06073017303,,06,073,017303
528,26.4,,3.6,,1400000US06073017305,,06,073,017305
529,51.0,50.0+,-333333333.0,***,1400000US06073017306,,06,073,017306
530,23.5,,4.8,,1400000US06073017307,,06,073,017307
531,31.3,,19.5,,1400000US06073017308,,06,073,017308
532,42.4,,11.2,,1400000US06073017403,,06,073,017403
533,47.3,,40.2,,1400000US06073017405,,06,073,017405
534,24.0,,2.9,,1400000US06073017406,,06,073,017406
535,23.2,,5.2,,1400000US06073017407,,06,073,017407
536,26.0,,10.8,,1400000US06073017408,,06,073,017408
537,31.7,,5.0,,1400000US06073017501,,06,073,017501
538,28.5,,13.0,,1400000US06073017502,,06,073,017502
539,43.8,,9.5,,1400000US06073017601,,06,073,017601
540,32.6,,16.1,,1400000US06073017603,,06,073,017603
541,29.2,,13.1,,1400000US06073017605,,06,073,017605
542,30.3,,9.1,,1400000US06073017606,,06,073,017606
543,29.2,,7.6,,1400000US06073017701,,06,073,017701
544,33.9,,13.1,,1400000US06073017702,,06,073,017702
545,34.5,,8.0,,1400000US06073017801,,06,073,017801
546,31.1,,11.9,,1400000US06073017808,,06,073,017808
547,41.1,,27.0,,1400000US06073017809,,06,073,017809
548,28.6,,10.5,,1400000US06073017810,,06,073,017810
549,26.3,,4.4,,1400000US06073017811,,06,073,017811
550,36.3,,9.6,,1400000US06073017813,,06,073,017813
551,38.0,,7.6,,1400000US06073017901,,06,073,017901
552,51.0,50.0+,-333333333.0,***,1400000US06073017902,,06,073,017902
553,35.2,,5.8,,1400000US06073018000,,06,073,018000
554,33.0,,9.6,,1400000US06073018101,,06,073,018101
555,45.6,,14.3,,1400000US06073018102,,06,073,018102
556,33.0,,3.4,,1400000US06073018201,,06,073,018201
557,34.6,,7.0,,1400000US06073018202,,06,073,018202
558,33.8,,6.4,,1400000US06073018301,,06,073,018301
559,39.3,,19.7,,1400000US06073018302,,06,073,018302
560,27.9,,4.1,,1400000US06073018400,,06,073,018400
561,38.9,,6.4,,1400000US06073018504,,06,073,018504
562,34.0,,5.5,,1400000US06073018509,,06,073,018509
563,38.8,,9.5,,1400000US06073018510,,06,073,018510
564,35.2,,7.1,,1400000US06073018511,,06,073,018511
565,44.3,,8.3,,1400000US06073018512,,06,073,018512
566,36.6,,8.9,,1400000US06073018515,,06,073,018515
567,34.1,,7.2,,1400000US06073018516,,06,073,018516
568,33.0,,4.7,,1400000US06073018517,,06,073,018517
569,30.8,,2.7,,1400000US06073018518,,06,073,018518
570,31.1,,3.5,,1400000US06073018519,,06,073,018519
571,37.1,,4.4,,1400000US06073018520,,06,073,018520
572,43.4,,16.2,,1400000US06073018521,,06,073,018521
573,38.5,,8.5,,1400000US06073018522,,06,073,018522
574,31.7,,10.3,,1400000US06073018523,,06,073,018523
575,34.0,,9.0,,1400000US06073018524,,06,073,018524
576,33.8,,4.7,,1400000US06073018525,,06,073,018525
577,38.9,,4.2,,1400000US06073018601,,06,073,018601
578,27.1,,4.8,,1400000US06073018608,,06,073,018608
579,32.8,,5.9,,1400000US06073018609,,06,073,018609
580,25.4,,6.3,,1400000US06073018612,,06,073,018612
581,46.5,,15.2,,1400000US06073018613,,06,073,018613
582,29.5,,3.9,,1400000US06073018615,,06,073,018615
583,37.7,,15.3,,1400000US06073018616,,06,073,018616
584,22.9,,13.2,,1400000US06073018617,,06,073,018617
585,33.9,,7.4,,1400000US06073018618,,06,073,018618
586,24.8,,4.5,,1400000US06073018619,,06,073,018619
587,26.7,,4.0,,1400000US06073018620,,06,073,018620
588,31.3,,3.3,,1400000US06073018621,,06,073,018621
589,33.7,,17.0,,1400000US06073018622,,06,073,018622
590,48.8,,6.1,,1400000US06073018700,,06,073,018700
591,28.9,,15.0,,1400000US06073018801,,06,073,018801
592,40.5,,15.8,,1400000US06073018803,,06,073,018803
593,22.1,,12.5,,1400000US06073018804,,06,073,018804
594,26.3,,12.5,,1400000US06073018805,,06,073,018805
595,36.0,,7.6,,1400000US06073018903,,06,073,018903
596,31.4,,8.3,,1400000US06073018904,,06,073,018904
597,34.6,,14.6,,1400000US06073018905,,06,073,018905
598,28.3,,7.8,,1400000US06073018906,,06,073,018906
599,20.0,,67.1,,1400000US06073019001,,06,073,019001
600,33.3,,10.8,,1400000US06073019002,,06,073,019002
601,48.5,,28.3,,1400000US06073019103,,06,073,019103
602,9.0,10.0-,-333333333.0,***,1400000US06073019105,,06,073,019105
603,37.7,,10.9,,1400000US06073019107,,06,073,019107
604,19.8,,4.6,,1400000US06073019108,,06,073,019108
605,37.6,,9.7,,1400000US06073019109,,06,073,019109
606,23.9,,3.4,,1400000US06073019110,,06,073,019110
607,51.0,50.0+,-333333333.0,***,1400000US06073019111,,06,073,019111
608,27.0,,13.8,,1400000US06073019203,,06,073,019203
609,46.3,,9.2,,1400000US06073019205,,06,073,019205
610,32.9,,6.9,,1400000US06073019206,,06,073,019206
611,51.0,50.0+,-333333333.0,***,1400000US06073019208,,06,073,019208
612,14.0,,44.0,,1400000US06073019209,,06,073,019209
613,28.7,,4.3,,1400000US06073019210,,06,073,019210
614,32.3,,8.1,,1400000US06073019301,,06,073,019301
615,29.2,,5.9,,1400000US06073019303,,06,073,019303
616,39.0,,4.1,,1400000US06073019304,,06,073,019304
617,41.5,,9.1,,1400000US06073019305,,06,073,019305
618,51.0,50.0+,-333333333.0,***,1400000US06073019403,,06,073,019403
619,36.7,,12.7,,1400000US06073019404,,06,073,019404
620,39.4,,9.4,,1400000US06073019405,,06,073,019405
621,41.0,,21.1,,1400000US06073019406,,06,073,019406
622,29.6,,5.2,,1400000US06073019501,,06,073,019501
623,47.2,,18.3,,1400000US06073019502,,06,073,019502
624,33.8,,3.4,,1400000US06073019503,,06,073,019503
625,33.0,,18.8,,1400000US06073019601,,06,073,019601
626,34.1,,9.5,,1400000US06073019602,,06,073,019602
627,44.8,,12.7,,1400000US06073019701,,06,073,019701
628,37.8,,3.9,,1400000US06073019702,,06,073,019702
629,39.1,,8.3,,1400000US06073019803,,06,073,019803
630,30.0,,20.5,,1400000US06073019804,,06,073,019804
631,32.5,,6.9,,1400000US06073019805,,06,073,019805
632,24.2,,2.9,,1400000US06073019808,,06,073,019808
633,20.8,,19.3,,1400000US06073019809,,06,073,019809
634,29.4,,60.7,,1400000US06073019810,,06,073,019810
635,40.9,,12.0,,1400000US06073019811,,06,073,019811
636,44.1,,14.7,,1400000US06073019902,,06,073,019902
637,34.8,,8.8,,1400000US06073019903,,06,073,019903
638,28.7,,1.8,,1400000US06073019904,,06,073,019904
639,28.3,,14.9,,1400000US06073019905,,06,073,019905
640,17.2,,10.8,,1400000US06073020015,,06,073,020015
641,48.1,,10.9,,1400000US06073020017,,06,073,020017
642,41.3,,13.9,,1400000US06073020019,,06,073,020019
643,43.7,,14.2,,1400000US06073020021,,06,073,020021
644,25.6,,10.9,,1400000US06073020023,,06,073,020023
645,51.0,50.0+,-333333333.0,***,1400000US06073020024,,06,073,020024
646,47.3,,8.0,,1400000US06073020025,,06,073,020025
647,27.2,,3.9,,1400000US06073020026,,06,073,020026
648,38.3,,7.7,,1400000US06073020028,,06,073,020028
649,36.6,,6.6,,1400000US06073020029,,06,073,020029
650,45.3,,8.4,,1400000US06073020030,,06,073,020030
651,36.4,,20.4,,1400000US06073020031,,06,073,020031
652,25.1,,7.0,,1400000US06073020032,,06,073,020032
653,30.1,,6.0,,1400000US06073020033,,06,073,020033
654,51.0,50.0+,-333333333.0,***,1400000US06073020034,,06,073,020034
655,25.1,,25.7,,1400000US06073020035,,06,073,020035
656,31.9,,3.5,,1400000US06073020036,,06,073,020036
657,28.9,,19.2,,1400000US06073020037,,06,073,020037
658,43.5,,35.6,,1400000US06073020038,,06,073,020038
659,38.0,,15.6,,1400000US06073020039,,06,073,020039
660,47.9,,17.5,,1400000US06073020040,,06,073,020040
661,37.5,,3.9,,1400000US06073020041,,06,073,020041
662,36.1,,23.7,,1400000US06073020042,,06,073,020042
663,38.6,,43.4,,1400000US06073020043,,06,073,020043
664,31.6,,5.4,,1400000US06073020044,,06,073,020044
665,29.2,,18.2,,1400000US06073020105,,06,073,020105
666,37.7,,22.1,,1400000US06073020106,,06,073,020106
667,29.6,,13.3,,1400000US06073020107,,06,073,020107
668,44.6,,6.2,,1400000US06073020108,,06,073,020108
669,35.7,,5.2,,1400000US06073020109,,06,073,020109
670,29.8,,20.4,,1400000US06073020110,,06,073,020110
671,27.6,,17.3,,1400000US06073020111,,06,073,020111
672,43.0,,4.8,,1400000US06073020202,,06,073,020202
673,37.1,,3.2,,1400000US06073020206,,06,073,020206
674,32.5,,9.8,,1400000US06073020207,,06,073,020207
675,42.9,,44.7,,1400000US06073020208,,06,073,020208
676,35.6,,9.3,,1400000US06073020209,,06,073,020209
677,28.7,,5.4,,1400000US06073020210,,06,073,020210
678,38.4,,5.1,,1400000US06073020211,,06,073,020211
679,42.0,,9.7,,1400000US06073020213,,06,073,020213
680,37.2,,5.8,,1400000US06073020214,,06,073,020214
681,31.3,,22.2,,1400000US06073020304,,06,073,020304
682,33.7,,10.0,,1400000US06073020305,,06,073,020305
683,42.9,,14.7,,1400000US06073020308,,06,073,020308
684,24.3,,4.5,,1400000US06073020309,,06,073,020309
685,38.8,,18.8,,1400000US06073020310,,06,073,020310
686,51.0,50.0+,-333333333.0,***,1400000US06073020311,,06,073,020311
687,32.9,,1.4,,1400000US06073020312,,06,073,020312
688,46.2,,16.9,,1400000US06073020313,,06,073,020313
689,44.1,,19.2,,1400000US06073020401,,06,073,020401
690,51.0,50.0+,-333333333.0,***,1400000US06073020403,,06,073,020403
691,32.0,,2.9,,1400000US06073020404,,06,073,020404
692,26.1,,13.1,,1400000US06073020405,,06,073,020405
693,28.5,,9.2,,1400000US06073020500,,06,073,020500
694,51.0,50.0+,-333333333.0,***,1400000US06073020601,,06,073,020601
695,35.4,,4.2,,1400000US06073020602,,06,073,020602
696,28.0,,2.3,,1400000US06073020705,,06,073,020705
697,51.0,50.0+,-333333333.0,***,1400000US06073020706,,06,073,020706
698,36.9,,5.1,,1400000US06073020707,,06,073,020707
699,22.1,,7.0,,1400000US06073020708,,06,073,020708
700,18.3,,2.7,,1400000US06073020710,,06,073,020710
701,44.5,,28.4,,1400000US06073020711,,06,073,020711
702,23.4,,28.1,,1400000US06073020712,,06,073,020712
703,24.0,,4.4,,1400000US06073020801,,06,073,020801
704,27.8,,17.6,,1400000US06073020805,,06,073,020805
705,47.7,,15.6,,1400000US06073020806,,06,073,020806
706,51.0,50.0+,-333333333.0,***,1400000US06073020807,,06,073,020807
707,43.3,,37.3,,1400000US06073020810,,06,073,020810
708,13.7,,15.2,,1400000US06073020811,,06,073,020811
709,23.5,,8.6,,1400000US06073020812,,06,073,020812
710,51.0,50.0+,-333333333.0,***,1400000US06073020813,,06,073,020813
711,14.0,,78.8,,1400000US06073020902,,06,073,020902
712,38.6,,7.7,,1400000US06073020903,,06,073,020903
713,31.5,,19.3,,1400000US06073020904,,06,073,020904
714,25.0,,22.3,,1400000US06073021001,,06,073,021001
715,14.5,,12.0,,1400000US06073021002,,06,073,021002
716,46.6,,23.8,,1400000US06073021101,,06,073,021101
717,34.4,,13.3,,1400000US06073021102,,06,073,021102
718,25.5,,3.7,,1400000US06073021202,,06,073,021202
719,22.3,,23.3,,1400000US06073021204,,06,073,021204
720,35.6,,7.6,,1400000US06073021205,,06,073,021205
721,33.3,,27.2,,1400000US06073021206,,06,073,021206
722,51.0,50.0+,-333333333.0,***,1400000US06073021302,,06,073,021302
723,24.0,,60.1,,1400000US06073021304,,06,073,021304
724,29.4,,29.2,,1400000US06073021305,,06,073,021305
725,20.9,,4.8,,1400000US06073021306,,06,073,021306
726,38.3,,9.5,,1400000US06073021401,,06,073,021401
727,27.3,,6.0,,1400000US06073021402,,06,073,021402
728,20.6,,2.8,,1400000US06073021501,,06,073,021501
729,34.5,,8.5,,1400000US06073021502,,06,073,021502
730,39.6,,10.4,,1400000US06073021600,,06,073,021600
731,36.7,,14.1,,1400000US06073021800,,06,073,021800
732,35.3,,12.2,,1400000US06073021900,,06,073,021900
733,32.0,,15.3,,1400000US06073022000,,06,073,022000
734,25.3,,5.3,,1400000US06073022101,,06,073,022101
735,33.0,,5.3,,1400000US06073022102,,06,073,022102
736,-666666666.0,-,-222222222.0,**,1400000US06073990100,,06,073,990100
