Address: Postal Code,Community Plan,District,Inclusionary Count,Most Restrictive AMI Range,Number of Affordable Units,Property Name,SDHC Owned,SRO,State Assembly District,State Senate District,Count of Data Export_Summary 2.csv
,DOWNTOWN,3,0,0%-0%,0,Paul Mirabile Center,no,no,78,39,1
,NA,,0,35%-50%,10,Becky's House III,no,no,,,1
,NAVAJO,7,1,30%-60%,79,Bluewater,no,no,79,39,1
,OTAY MESA-NESTOR,8,0,80%-80%,1,1250 Twining Avenue,no,no,80,40,1
,OTAY MESA-NESTOR,8,0,80%-80%,1,1506 Peterlynn Dr,no,no,80,40,1
0,NA,,0,0%-0%,0,San Diego Youth Services - Youth Emergency Shelter,no,no,,,1
0,NA,,0,0%-0%,0,YWCA Passages,no,yes,,,1
0,NA,,0,30%-50%,14,Becky's House II,no,no,,,1
0,NA,,0,50%-50%,11,El Nido Project,no,no,,,1
92014,NORTH PARK,3,0,60%-60%,5,Oregon Street Apartments,no,no,78,39,1
92037,LA JOLLA,1,0,0%-0%,0,Pantai Inn,no,yes,78,39,1
92037,LA JOLLA,1,0,0%-0%,0,Spindrift Apts,no,yes,78,39,1
92037,LA JOLLA,1,0,50%-50%,1,7606 Girard Avenue,no,no,78,39,1
92037,LA JOLLA,1,0,50%-50%,2,Pearl Street,no,no,78,39,1
92037,LA JOLLA,1,0,50%-70%,8,La Jolla Marine Apartments,yes,no,78,39,1
92037,LA JOLLA,1,0,60%-60%,1,La Jolla Biltmore Apartments,no,no,78,39,1
92037,LA JOLLA,1,0,60%-60%,1,Sea + Stone,no,no,78,39,1
92037,LA JOLLA,1,1,50%-50%,1,Nautilus,no,no,78,39,1
92101,DOWNTOWN,3,0,0%-0%,0,420 Ash Street,no,yes,78,39,1
92101,DOWNTOWN,3,0,0%-0%,0,745 15th Street,no,yes,78,39,1
92101,DOWNTOWN,3,0,0%-0%,0,1035 E Street,no,yes,78,39,1
92101,DOWNTOWN,3,0,0%-0%,0,Amigos Sobrios,no,yes,78,39,1
92101,DOWNTOWN,3,0,0%-0%,0,Arlington Hotel,no,yes,78,39,1
92101,DOWNTOWN,3,0,0%-0%,0,Astor Apartments Cortez Hill,no,yes,78,39,1
92101,DOWNTOWN,3,0,0%-0%,0,Bishop Maher Center,no,no,78,39,1
92101,DOWNTOWN,3,0,0%-0%,0,C Street Inn,no,yes,78,39,1
92101,DOWNTOWN,3,0,0%-0%,0,Caledonia Apartments,no,yes,78,39,1
92101,DOWNTOWN,3,0,0%-0%,0,Centre City Apartments/Hotel,no,yes,78,39,1
92101,DOWNTOWN,3,0,0%-0%,0,Chadwick Hotel,no,yes,78,39,1
92101,DOWNTOWN,3,0,0%-0%,0,Clermont Coast Hotel,no,yes,78,39,1
92101,DOWNTOWN,3,0,0%-0%,0,El Paso Rooms,no,yes,78,39,1
92101,DOWNTOWN,3,0,0%-0%,0,Gaslamp Quarter Hotel,no,yes,78,39,1
92101,DOWNTOWN,3,0,0%-0%,0,Heritage Hotel,no,yes,78,39,1
92101,DOWNTOWN,3,0,0%-0%,0,Island Hotel,no,yes,78,39,1
92101,DOWNTOWN,3,0,0%-0%,0,Kendrick,no,yes,78,39,1
92101,DOWNTOWN,3,0,0%-0%,0,Las Flores Hotel,no,yes,78,39,1
92101,DOWNTOWN,3,0,0%-0%,0,New Life Hotel,no,yes,78,39,1
92101,DOWNTOWN,3,0,0%-0%,0,Palms Hotel,no,yes,78,39,1
92101,DOWNTOWN,3,0,0%-0%,0,Paris Hotel,no,yes,78,39,1
92101,DOWNTOWN,3,0,0%-0%,0,Pine Hotel,no,yes,78,39,1
92101,DOWNTOWN,3,0,0%-0%,0,Reiss Hotel,no,yes,78,39,1
92101,DOWNTOWN,3,0,0%-0%,0,Royal Hotel,no,yes,78,39,1
92101,DOWNTOWN,3,0,0%-0%,0,Salvation Army Adult Rehabilitation Center,no,yes,78,39,1
92101,DOWNTOWN,3,0,0%-0%,0,Simmons Hotel,no,yes,78,39,1
92101,DOWNTOWN,3,0,0%-0%,0,St. Joseph's Studios,no,yes,78,39,1
92101,DOWNTOWN,3,0,0%-0%,0,The Newport,no,yes,78,39,1
92101,DOWNTOWN,3,0,25%-50%,270,Harrington Heights,no,no,78,39,1
92101,DOWNTOWN,3,0,30%-40%,148,Alpha Square 9%,no,no,78,39,1
92101,DOWNTOWN,3,0,30%-50%,65,Cedar Gateway Apartments,no,no,78,39,1
92101,DOWNTOWN,3,0,30%-50%,72,Hotel Churchill,no,yes,78,39,1
92101,DOWNTOWN,3,0,30%-50%,86,The Link,no,no,78,39,1
92101,DOWNTOWN,3,0,30%-80%,91,Alcove East Village Apartments,no,no,78,39,1
92101,DOWNTOWN,3,0,35%-35%,40,Lincoln Hotel,no,yes,78,39,1
92101,DOWNTOWN,3,0,35%-35%,48,Sara Frances Hometel,no,yes,78,39,1
92101,DOWNTOWN,3,0,40%-45%,50,Southern Hotel,no,yes,78,39,1
92101,DOWNTOWN,3,0,40%-50%,44,Cole Block Building,no,yes,78,39,1
92101,DOWNTOWN,3,0,50%-50%,3,Ezabelle,no,no,78,39,1
92101,DOWNTOWN,3,0,50%-50%,5,The Continental,no,no,78,39,1
92101,DOWNTOWN,3,0,50%-50%,32,Alexan Little Italy,no,no,78,39,1
92101,DOWNTOWN,3,0,50%-50%,33,800 Broadway,no,no,78,39,1
92101,DOWNTOWN,3,0,50%-50%,39,Market Street Square,no,no,78,39,1
92101,DOWNTOWN,3,0,50%-50%,41,West,no,no,78,39,1
92101,DOWNTOWN,3,0,50%-50%,85,The Merian,no,no,78,39,1
92101,DOWNTOWN,3,0,50%-50%,124,Silvercrest Residences,no,no,78,39,1
92101,DOWNTOWN,3,0,50%-50%,129,Lions Community Manor,no,no,78,39,1
92101,DOWNTOWN,3,0,50%-60%,36,Villa Maria,no,no,78,39,1
92101,DOWNTOWN,3,0,50%-60%,51,11th & Broadway,no,no,78,39,1
92101,DOWNTOWN,3,0,50%-60%,51,Concert Residences,no,no,78,39,1
92101,DOWNTOWN,3,0,50%-60%,103,Atmosphere II,no,no,78,39,1
92101,DOWNTOWN,3,0,50%-60%,154,San Diego Square Apartments,no,no,78,39,1
92101,DOWNTOWN,3,0,50%-60%,198,Luther Tower,no,no,78,39,1
92101,DOWNTOWN,3,0,50%-60%,280,Island Village Apartments,no,no,78,39,1
92101,DOWNTOWN,3,0,50%-120%,14,Yale Lofts,no,yes,78,39,1
92101,DOWNTOWN,3,0,60%-60%,6,Cielo,no,no,78,39,1
92101,DOWNTOWN,3,0,60%-60%,20,Toussaint Teen Center,no,no,78,39,1
92101,DOWNTOWN,3,0,60%-60%,45,CCBA Senior Garden,no,no,78,39,1
92101,DOWNTOWN,3,0,60%-60%,94,Ballpark Place,no,no,78,39,1
92101,DOWNTOWN,3,0,65%-65%,36,Pinnacle On The Park,no,no,78,39,1
92101,DOWNTOWN,3,0,65%-65%,36,Spire San Diego,no,no,78,39,1
92101,DOWNTOWN,3,0,70%-100%,40,Entrada Apartments,no,no,78,39,1
92101,DOWNTOWN,3,0,80%-80%,148,Columbia Tower,no,no,78,39,1
92101,DOWNTOWN,3,0,80%-80%,150,Horton House,no,no,78,39,1
92101,DOWNTOWN,3,0,80%-80%,172,Cathedral Plaza,no,no,78,39,1
92101,DOWNTOWN,3,0,80%-110%,51,Horton Fourth Avenue,no,no,78,39,1
92101,DOWNTOWN,3,0,80%-120%,10,Scripps Bldg. Lofts,no,no,78,39,1
92101,DOWNTOWN,3,0,110%-110%,1,Lind Site 17,no,no,78,39,1
92101,DOWNTOWN,3,0,110%-110%,1,Lind Site 18,no,no,78,39,1
92101,DOWNTOWN,3,0,120%-120%,18,Library Lofts,no,no,78,39,1
92101,DOWNTOWN,3,0,120%-120%,27,Trolley Lofts,no,no,78,39,1
92101,DOWNTOWN,3,0,120%-120%,38,Heritage Apts,no,no,78,39,1
92101,DOWNTOWN,3,0,120%-120%,86,900 F Street Apts,no,no,78,39,1
92101,DOWNTOWN,3,1,25%-60%,226,Ten Fifty B,no,no,78,39,1
92101,DOWNTOWN,3,1,30%-40%,64,15th & Commercial Apartments,no,no,78,39,1
92101,DOWNTOWN,3,1,30%-45%,198,Potiker Family Senior Residence,no,no,78,39,1
92101,DOWNTOWN,3,1,30%-50%,43,The Beacon,no,no,78,39,1
92101,DOWNTOWN,3,1,30%-60%,59,Lillian Place,no,no,78,39,1
92101,DOWNTOWN,3,1,30%-60%,99,Atmosphere I,no,no,78,39,1
92101,DOWNTOWN,3,1,30%-80%,77,The Helm,no,no,78,39,1
92101,DOWNTOWN,3,1,40%-60%,272,Studio 15,no,no,78,39,1
92101,DOWNTOWN,3,1,50%-60%,76,Parkside Terrace Apartments,no,no,78,39,1
92101,DOWNTOWN,3,1,50%-80%,201,Island Inn,no,yes,78,39,1
92101,DOWNTOWN,3,1,50%-80%,221,J Street Inn,no,yes,78,39,1
92101,DOWNTOWN,3,1,65%-65%,11,Amo Apartments,no,no,78,39,1
92101,DOWNTOWN,3,1,65%-65%,23,Ballpark Village,no,no,78,39,1
92101,UPTOWN,3,0,0%-0%,0,Hawthorne Inn,no,yes,78,39,1
92101,UPTOWN,3,0,0%-0%,0,San Diego Rescue Mission,no,no,78,39,1
92101,UPTOWN,3,0,0%-0%,0,St. Paul's Villas,no,yes,78,39,1
92101,UPTOWN,3,0,0%-0%,0,Vista Balboa Crisis Center,no,yes,78,39,1
92101,UPTOWN,3,0,30%-60%,79,New Palace Hotel,no,yes,78,39,1
92101,UPTOWN,3,0,50%-50%,1,Albatross,no,no,78,39,1
92101,UPTOWN,3,0,50%-50%,1,Truax House,no,no,78,39,1
92101,UPTOWN,3,0,50%-50%,3,Union Street,no,no,78,39,1
92101,UPTOWN,3,0,50%-50%,5,TRU Bankers Hill,no,no,78,39,1
92101,UPTOWN,3,0,50%-50%,33,Parker Kier,no,no,78,39,1
92101,UPTOWN,3,0,50%-60%,46,West Park,no,no,78,39,1
92101,UPTOWN,3,0,50%-60%,150,Westminster Manor,no,no,78,39,1
92101,UPTOWN,3,0,80%-80%,91,Quality Inn,no,no,78,39,1
92101-4253,DOWNTOWN,3,0,50%-60%,130,Hotel Sandford,yes,yes,78,39,1
92101-4255,DOWNTOWN,3,0,50%-50%,16,Mason Hotel,no,yes,78,39,1
92101-4300,DOWNTOWN,3,0,40%-40%,73,Connections Housing,no,no,78,39,1
92101-5512,DOWNTOWN,3,0,30%-60%,248,Celadon 9th & Broadway,no,no,78,39,1
92101-5724,DOWNTOWN,3,0,30%-50%,23,Sunburst Apartments,no,no,78,39,1
92101-6429,DOWNTOWN,3,1,40%-40%,23,Leah Residence,no,no,78,39,1
92101-7374,DOWNTOWN,3,1,50%-65%,134,16th And Market Apartments,no,no,78,39,1
92101-7422,DOWNTOWN,3,0,30%-45%,53,Alpha Square 4%,no,no,78,39,1
92101-7639,DOWNTOWN,3,0,40%-60%,50,Village Place Apartments,no,no,78,39,1
92101-7667,DOWNTOWN,3,0,35%-60%,51,Casa Nueva,no,no,78,39,1
92101-7670,DOWNTOWN,3,0,45%-50%,89,Villa Harvey Mandel,no,no,78,39,1
92101-7847,DOWNTOWN,3,1,30%-40%,62,Cypress Apartments,no,no,78,39,1
92102,DOWNTOWN,3,0,0%-0%,0,Astor Hotel,no,yes,78,39,1
92102,DOWNTOWN,3,0,0%-0%,0,Callan Hotel,no,yes,78,39,1
92102,DOWNTOWN,3,0,0%-0%,0,Wilsonian Apartments,no,yes,78,39,1
92102,ENCANTO NEIGHBORHOODS,4,0,50%-60%,59,Harbor View Villa Apartments,no,no,80,40,1
92102,ENCANTO NEIGHBORHOODS,4,1,30%-60%,42,The Post 310,no,no,80,40,1
92102,ENCANTO NEIGHBORHOODS,4,1,30%-60%,51,Trolley Park Terrace,no,no,80,40,1
92102,ENCANTO NEIGHBORHOODS,4,1,30%-60%,80,Southwest Village,no,no,79,40,1
92102,GREATER GOLDEN HILL,3,0,0%-0%,0,941 26th Street,no,yes,80,39,1
92102,GREATER GOLDEN HILL,3,0,0%-0%,0,1918 Broadway,no,yes,80,39,1
92102,GREATER GOLDEN HILL,3,0,0%-0%,0,1944 Broadway,no,yes,80,39,1
92102,GREATER GOLDEN HILL,3,0,0%-0%,0,2404 F Street,no,yes,80,39,1
92102,GREATER GOLDEN HILL,3,0,0%-0%,0,Nelson-Haven,no,yes,80,39,1
92102,GREATER GOLDEN HILL,3,0,50%-50%,2,Buzz Apartments,no,no,80,39,1
92102,GREATER GOLDEN HILL,3,0,50%-50%,2,Felton Street,no,no,78,39,1
92102,GREATER GOLDEN HILL,3,0,50%-50%,2,Gregory Street,no,no,78,39,1
92102,GREATER GOLDEN HILL,3,0,50%-50%,3,Parker Place,no,no,80,39,1
92102,GREATER GOLDEN HILL,3,0,50%-60%,32,Golden Villa,no,no,78,39,1
92102,GREATER GOLDEN HILL,3,0,50%-120%,8,The Minn,no,no,80,39,1
92102,GREATER GOLDEN HILL,3,0,90%-90%,1,1014 33rd Street ADUs,no,no,80,39,1
92102,GREATER GOLDEN HILL,3,0,90%-90%,1,2330 F Street ADUs,no,no,80,39,1
92102,GREATER GOLDEN HILL,3,0,110%-110%,1,2826 E Street ADUs,no,no,80,39,1
92102,GREATER GOLDEN HILL,3,0,110%-110%,1,Pfeiffer Properties - 23rd Street,no,no,80,39,1
92102,GREATER GOLDEN HILL,3,0,110%-110%,1,Pfeiffer Properties - E Street,no,no,80,39,1
92102,GREATER GOLDEN HILL,3,0,110%-110%,1,The Irving,no,no,80,39,1
92102,GREATER GOLDEN HILL,3,0,110%-110%,2,F Street ADUs,no,no,80,39,1
92102,GREATER GOLDEN HILL,3,0,120%-120%,1,2838 E Street ADU,no,no,80,39,1
92102,GREATER GOLDEN HILL,3,1,50%-50%,1,K Lofts,no,no,80,39,1
92102,GREATER GOLDEN HILL,3,1,65%-65%,2,You Are Here,no,no,80,39,1
92102,MID-CITY:EASTERN AREA,4,0,25%-60%,57,The Allison,no,no,80,40,1
92102,SOUTHEASTERN SAN DIEGO,8,0,0%-0%,0,2904 Market Street,no,yes,80,40,1
92102,SOUTHEASTERN SAN DIEGO,8,0,0%-0%,0,K Street Apartments,no,yes,80,40,1
92102,SOUTHEASTERN SAN DIEGO,8,0,50%-60%,2,Sherman Cosmonaut,no,no,80,40,1
92102,SOUTHEASTERN SAN DIEGO,8,0,50%-60%,20,Garden View I,no,no,80,40,1
92102,SOUTHEASTERN SAN DIEGO,8,1,65%-65%,2,Hueso Building,no,no,80,40,1
92102,SOUTHEASTERN SAN DIEGO,9,0,0%-0%,0,3095 J Street,no,yes,80,40,1
92102,SOUTHEASTERN SAN DIEGO,9,0,50%-50%,3,29th & E St. Offsite Affordable,no,no,80,40,1
92102,SOUTHEASTERN SAN DIEGO,9,0,50%-50%,20,Vista Serena Apartments,no,no,80,40,1
92102,SOUTHEASTERN SAN DIEGO,9,0,50%-120%,4,3167 Market Street,no,no,80,40,1
92102,SOUTHEASTERN SAN DIEGO,9,0,60%-60%,1,Black Contractor's Assoc - 33rd Street,no,no,80,40,1
92102,SOUTHEASTERN SAN DIEGO,9,0,60%-60%,122,Island Gardens,no,no,80,40,1
92102,SOUTHEASTERN SAN DIEGO,9,0,110%-110%,4,3042-3044 J Street,no,no,80,40,1
92102-2174,GREATER GOLDEN HILL,3,0,0%-0%,0,Broadway View Apartments,no,yes,80,39,1
92102-2419,GREATER GOLDEN HILL,3,0,80%-80%,2,3280 A Street,yes,no,78,39,1
92102-4741,ENCANTO NEIGHBORHOODS,4,0,80%-80%,20,4451 Market Street,yes,no,80,40,1
92102;92105,SOUTHEASTERN SAN DIEGO,8,0,45%-60%,41,Grant Heights II,no,no,80,40,1
92103,DOWNTOWN,3,0,0%-0%,0,Golden West Hotel,no,yes,78,39,1
92103,DOWNTOWN,3,0,0%-0%,0,Historic Gaslamp Quarter Hotel,no,yes,78,39,1
92103,DOWNTOWN,3,0,0%-0%,0,Pacifica Hotel,no,yes,78,39,1
92103,NORTH PARK,3,0,0%-0%,0,Embassy Hotel,no,yes,78,39,1
92103,NORTH PARK,3,0,0%-0%,0,Nile Apts,no,yes,78,39,1
92103,NORTH PARK,3,0,50%-50%,1,Georgia Street,no,no,78,39,1
92103,NORTH PARK,3,0,50%-50%,1,Summit on Georgia,no,no,78,39,1
92103,NORTH PARK,3,0,50%-50%,4,Park & Polk,no,no,78,39,1
92103,NORTH PARK,3,0,50%-120%,5,Georgia Modern,no,no,78,39,1
92103,NORTH PARK,3,0,80%-80%,99,First Congregational Memorial Tower,no,no,78,39,1
92103,NORTH PARK,3,0,80%-80%,165,Grace Tower,no,no,78,39,1
92103,NORTH PARK,3,0,80%-80%,205,Cathedral Arms,no,no,78,39,1
92103,NORTH PARK,3,1,30%-30%,30,Winslow,no,no,78,39,1
92103,NORTH PARK,3,1,50%-50%,2,Indiana Street Townhomes,no,no,78,39,1
92103,NORTH PARK,3,1,50%-60%,30,City Scene,no,no,78,39,1
92103,OTAY MESA-NESTOR,8,0,110%-110%,3,1638 Elm Avenue ADUs,no,no,80,40,1
92103,UPTOWN,3,0,0%-0%,0,Friendship Hotel,no,yes,78,39,1
92103,UPTOWN,3,0,30%-30%,2,Harvey Milk Mixed,no,no,78,39,1
92103,UPTOWN,3,0,30%-50%,79,8th Avenue Family Housing,no,no,78,39,1
92103,UPTOWN,3,0,30%-60%,149,Green Manor,no,no,78,39,1
92103,UPTOWN,3,0,40%-40%,3,3935 Normal Street,no,no,78,39,1
92103,UPTOWN,3,0,50%-50%,1,7th & Robinson Micro-Units,no,no,78,39,1
92103,UPTOWN,3,0,50%-50%,1,Juno on Hawk,no,no,78,39,1
92103,UPTOWN,3,0,50%-50%,1,Nest Hillcrest,no,no,78,39,1
92103,UPTOWN,3,0,50%-50%,1,Sparks Apartments,no,no,78,39,1
92103,UPTOWN,3,0,50%-50%,2,Penwood Apartments,no,no,78,39,1
92103,UPTOWN,3,0,50%-50%,2,The Element,no,no,78,39,1
92103,UPTOWN,3,0,50%-50%,2,Uptown Lofts,no,no,78,39,1
92103,UPTOWN,3,0,50%-50%,3,Normal Hillcrest,no,no,78,39,1
92103,UPTOWN,3,0,50%-50%,3,The Fort,no,no,78,39,1
92103,UPTOWN,3,0,50%-50%,3,Washington Crossing,no,no,78,39,1
92103,UPTOWN,3,0,50%-50%,4,Denizen Apartments,no,no,78,39,1
92103,UPTOWN,3,0,50%-50%,5,Broadstone Balboa Park,no,no,78,39,1
92103,UPTOWN,3,0,50%-50%,5,Campus Avenue Apartments,no,no,78,39,1
92103,UPTOWN,3,0,50%-50%,6,Strauss Fifth Avenue Apartments,no,no,78,39,1
92103,UPTOWN,3,0,50%-50%,9,3775 6th Avenue,no,no,78,39,1
92103,UPTOWN,3,0,50%-50%,9,MODE Apartments,no,no,78,39,1
92103,UPTOWN,3,0,50%-50%,14,Camden Hillcrest,no,no,78,39,1
92103,UPTOWN,3,0,50%-50%,15,Big Sister League Residency,no,no,78,39,1
92103,UPTOWN,3,0,50%-50%,22,3501 1st Avenue,yes,no,78,39,1
92103,UPTOWN,3,0,50%-50%,22,Mercy Gardens,no,no,78,39,1
92103,UPTOWN,3,0,50%-50%,24,4131 Maryland Street,yes,no,78,39,1
92103,UPTOWN,3,0,50%-50%,99,Trinity Manor,no,no,78,39,1
92103,UPTOWN,3,0,50%-60%,3,The Richmond,no,no,78,39,1
92103,UPTOWN,3,0,50%-120%,5,3660 Reynard Way,no,no,78,39,1
92103,UPTOWN,3,0,50%-120%,5,The Sasan,no,no,78,39,1
92103,UPTOWN,3,0,50%-120%,8,Raintree - Treehouse,no,no,78,39,1
92103,UPTOWN,3,0,50%-120%,11,3843 8th Avenue,no,no,78,39,1
92103,UPTOWN,3,0,50%-120%,11,Secoya on Fifth,no,no,78,39,1
92103,UPTOWN,3,0,60%-60%,2,Reynard Way Apartments,no,no,78,39,1
92103,UPTOWN,3,0,80%-80%,12,3912 Albatross Street,no,no,78,39,1
92103,UPTOWN,3,0,110%-110%,1,2717 Columbia Street ADUs,no,no,78,39,1
92103,UPTOWN,3,0,110%-110%,1,Sutter Street ADU,no,no,78,39,1
92103,UPTOWN,3,0,110%-110%,3,Arbor Drive ADUs,no,no,78,39,1
92103,UPTOWN,3,0,110%-110%,4,Duplet on Robinson,no,no,78,39,1
92103,UPTOWN,3,1,50%-50%,2,3953 1st Avenue,no,no,78,39,1
92103,UPTOWN,3,1,50%-50%,2,Hillcrest Centre Street Lofts,no,no,78,39,1
92103,UPTOWN,3,1,50%-50%,3,Crest Urban,no,no,78,39,1
92103,UPTOWN,3,1,50%-50%,4,Mr. Robinson Apartments,no,no,78,39,1
92103,UPTOWN,3,1,50%-50%,4,The Louie,no,no,78,39,1
92103,UPTOWN,3,1,50%-50%,8,Paseo De Mission Hills,no,no,78,39,1
92103,UPTOWN,3,1,65%-65%,1,Punta Paloma,no,no,78,39,1
92103-4224,UPTOWN,3,0,80%-150%,45,Hillcrest Inn,yes,yes,78,39,1
92104,GREATER GOLDEN HILL,3,0,50%-50%,18,Hawthorn Two Apartments,no,no,78,39,1
92104,GREATER GOLDEN HILL,3,0,50%-60%,13,Hawthorn Apartments,no,no,78,39,1
92104,GREATER GOLDEN HILL,3,0,80%-80%,4,3081 Hawthorn Street,yes,no,78,39,1
92104,MID-CITY:CITY HEIGHTS,9,0,50%-50%,19,Parkway Apartments,no,no,80,40,1
92104,MID-CITY:CITY HEIGHTS,9,0,50%-50%,32,Park Place,no,no,78,40,1
92104,MID-CITY:CITY HEIGHTS,9,0,80%-80%,5,3850 Cherokee Avenue,yes,no,80,40,1
92104,MID-CITY:CITY HEIGHTS,9,0,80%-80%,5,4043 Wilson Avenue,yes,no,78,40,1
92104,MID-CITY:CITY HEIGHTS,9,0,80%-80%,5,4254 36th Street,yes,no,78,40,1
92104,MID-CITY:NORMAL HEIGHTS,9,0,80%-80%,5,4360 Cherokee Avenue,yes,no,78,39,1
92104,MID-CITY:NORMAL HEIGHTS,9,0,80%-80%,5,4729 32nd Street,yes,no,78,39,1
92104,MID-CITY:NORMAL HEIGHTS,9,0,110%-110%,3,4343 Bancroft Street ADUs,no,no,78,39,1
92104,NORTH PARK,3,0,0%-0%,0,2608 University Avenue,no,yes,78,39,1
92104,NORTH PARK,3,0,30%-50%,94,Renaissance Senior Apartments,no,no,78,39,1
92104,NORTH PARK,3,0,30%-60%,66,Alabama Manor,no,no,78,39,1
92104,NORTH PARK,3,0,30%-60%,117,Iowa Street Senior Housing,no,no,78,39,1
92104,NORTH PARK,3,0,35%-35%,3,The Abington North Park,no,no,78,39,1
92104,NORTH PARK,3,0,50%-50%,1,4130 Louisiana Street,no,no,78,39,1
92104,NORTH PARK,3,0,50%-50%,1,Bancroft Garden Apartment Homes,no,no,78,39,1
92104,NORTH PARK,3,0,50%-50%,1,Charlee Lofts,no,no,78,39,1
92104,NORTH PARK,3,0,50%-50%,1,Elevon Lofts,no,no,78,39,1
92104,NORTH PARK,3,0,50%-50%,1,Summit on Iowa,no,no,78,39,1
92104,NORTH PARK,3,0,50%-50%,2,Exotic Gardens,no,no,78,39,1
92104,NORTH PARK,3,0,50%-50%,2,Nok Nok North Park,no,no,78,39,1
92104,NORTH PARK,3,0,50%-50%,2,The Louisiana,no,no,78,39,1
92104,NORTH PARK,3,0,50%-50%,2,The Residences at 3954 Kansas,no,no,78,39,1
92104,NORTH PARK,3,0,50%-50%,2,Utah Street Apartments,no,no,78,39,1
92104,NORTH PARK,3,0,50%-50%,3,Earnest Lofts,no,no,78,39,1
92104,NORTH PARK,3,0,50%-50%,3,Jackwill Flats,no,no,78,39,1
92104,NORTH PARK,3,0,50%-50%,3,Kansas Modern,no,no,78,39,1
92104,NORTH PARK,3,0,50%-50%,3,n-B-tween,no,no,78,39,1
92104,NORTH PARK,3,0,50%-50%,3,The Aidn,no,no,78,39,1
92104,NORTH PARK,3,0,50%-50%,3,The Jackson (Mix 30th),no,no,78,39,1
92104,NORTH PARK,3,0,50%-50%,5,North Park Community Corner (NPCC),no,no,78,39,1
92104,NORTH PARK,3,0,50%-50%,5,Ollie,no,no,78,39,1
92104,NORTH PARK,3,0,50%-50%,8,3918 Mississippi,no,no,78,39,1
92104,NORTH PARK,3,0,50%-80%,60,One Mississippi,no,no,78,39,1
92104,NORTH PARK,3,0,50%-120%,5,Howard Apartments,no,no,78,39,1
92104,NORTH PARK,3,0,50%-120%,6,3943 Oregon Street,no,no,78,39,1
92104,NORTH PARK,3,0,60%-60%,1,2828 Howard Avenue,no,no,78,39,1
92104,NORTH PARK,3,0,65%-65%,4,Habitat On 31st,no,no,78,39,1
92104,NORTH PARK,3,0,80%-80%,4,4080 Arizona Street,yes,no,78,39,1
92104,NORTH PARK,3,0,80%-80%,5,2932 30th Street,yes,no,78,39,1
92104,NORTH PARK,3,0,80%-80%,5,3012 30th Street,yes,no,78,39,1
92104,NORTH PARK,3,0,80%-80%,5,3217 30th Street,yes,no,78,39,1
92104,NORTH PARK,3,0,80%-80%,8,3755 Alabama Street,yes,no,78,39,1
92104,NORTH PARK,3,0,80%-80%,8,4081 Florida Street,yes,no,78,39,1
92104,NORTH PARK,3,0,80%-80%,8,4352 Oregon Street,yes,no,78,39,1
92104,NORTH PARK,3,0,80%-80%,8,4381 Louisiana Street,yes,no,78,39,1
92104,NORTH PARK,3,0,80%-80%,14,3974 Bancroft Street,yes,no,78,39,1
92104,NORTH PARK,3,0,110%-110%,1,31st Street ADUs,no,no,78,39,1
92104,NORTH PARK,3,0,110%-110%,1,Grim Avenue ADUs,no,no,78,39,1
92104,NORTH PARK,3,1,30%-65%,69,Arbor Terrace,no,no,78,39,1
92104,NORTH PARK,3,1,50%-50%,2,The North Parker,no,no,78,39,1
92104,NORTH PARK,3,1,50%-50%,3,You Got Mail,no,no,78,39,1
92104,NORTH PARK,3,1,50%-50%,8,4135 Texas Street,no,no,78,39,1
92104,NORTH PARK,3,1,50%-60%,75,North Park Seniors Apartments,no,no,78,39,1
92104,NORTH PARK,3,1,50%-60%,82,Kalos Apartments,no,no,78,39,1
92104,UPTOWN,3,0,50%-50%,1,Brant Street Lofts,no,no,78,39,1
92104-1392,NORTH PARK,3,1,30%-40%,23,The Boulevard Apartments,no,no,78,39,1
92104-2367,MID-CITY:CITY HEIGHTS,9,0,80%-80%,8,4054 Cherokee Avenue,yes,no,78,40,1
92104-2809,NORTH PARK,3,0,30%-60%,17,Pathfinders of San Diego,no,yes,78,39,1
92104-3107,MID-CITY:CITY HEIGHTS,9,0,50%-50%,8,Townspeople Wilson Avenue Apartments,no,no,80,40,1
92104-3914,MID-CITY:CITY HEIGHTS,9,0,80%-80%,4,3755 Swift Avenue,yes,no,80,40,1
92104-4609,NORTH PARK,3,0,50%-60%,3,Herman Avenue,no,no,78,39,1
92104-4634,NORTH PARK,3,0,50%-60%,3,Redwood Street,no,no,78,39,1
92104-4653,NORTH PARK,3,0,80%-80%,8,3350 Grim Avenue,yes,no,78,39,1
92104-4968,NORTH PARK,3,0,80%-80%,5,3030 30th Street,yes,no,78,39,1
92104-5657,GREATER GOLDEN HILL,3,0,80%-80%,5,3125 Ivy Street,yes,no,78,39,1
92105,MID-CITY:CITY HEIGHTS,4,0,50%-60%,99,Regency Centre Apartments,no,no,80,40,1
92105,MID-CITY:CITY HEIGHTS,9,0,0%-0%,0,3833 Estrella Street,no,yes,80,40,1
92105,MID-CITY:CITY HEIGHTS,9,0,0%-0%,0,4057 Marlborough Street,no,yes,80,40,1
92105,MID-CITY:CITY HEIGHTS,9,0,0%-0%,0,Stepping Stone Central Recovery Center,no,no,80,40,1
92105,MID-CITY:CITY HEIGHTS,9,0,30%-60%,39,Juniper Gardens,no,no,80,40,1
92105,MID-CITY:CITY HEIGHTS,9,0,45%-50%,118,Metro Villas,no,no,80,40,1
92105,MID-CITY:CITY HEIGHTS,9,0,50%-50%,13,Van Dyke Apts,no,no,80,40,1
92105,MID-CITY:CITY HEIGHTS,9,0,50%-50%,15,Fairmount Avenue Apartments,no,no,80,40,1
92105,MID-CITY:CITY HEIGHTS,9,0,50%-50%,31,Urban Village Townhomes,no,no,80,40,1
92105,MID-CITY:CITY HEIGHTS,9,0,50%-50%,67,Bandar Salaam Apartments,no,no,80,40,1
92105,MID-CITY:CITY HEIGHTS,9,0,50%-50%,124,Guadalupe Plaza,no,no,80,40,1
92105,MID-CITY:CITY HEIGHTS,9,0,50%-60%,11,Alder Apartments,no,no,80,40,1
92105,MID-CITY:CITY HEIGHTS,9,0,50%-60%,44,Wightman Place,no,no,80,40,1
92105,MID-CITY:CITY HEIGHTS,9,0,50%-60%,74,Casa Colina Del Sol,no,no,80,40,1
92105,MID-CITY:CITY HEIGHTS,9,0,50%-60%,93,Hollywood Palms,no,no,80,40,1
92105,MID-CITY:CITY HEIGHTS,9,0,50%-60%,129,City Heights 10,no,no,80,40,1
92105,MID-CITY:CITY HEIGHTS,9,0,50%-65%,14,City Heights Apartments,no,no,80,40,1
92105,MID-CITY:CITY HEIGHTS,9,0,60%-60%,1,4162 Estrella Avenue,no,no,80,40,1
92105,MID-CITY:CITY HEIGHTS,9,0,60%-60%,74,Fourth Corner Apartments,no,no,80,40,1
92105,MID-CITY:CITY HEIGHTS,9,0,60%-60%,170,Bridgeport Properties I,no,no,80,40,1
92105,MID-CITY:CITY HEIGHTS,9,0,60%-120%,59,City Heights Place,no,no,80,40,1
92105,MID-CITY:CITY HEIGHTS,9,0,80%-80%,1,4198 Pepper Drive,no,no,80,40,1
92105,MID-CITY:CITY HEIGHTS,9,0,80%-80%,2,3010 39th Street,yes,no,80,40,1
92105,MID-CITY:CITY HEIGHTS,9,0,80%-80%,4,2477 Fairmount Avenue,yes,no,80,40,1
92105,MID-CITY:CITY HEIGHTS,9,0,80%-80%,4,2716 44th Street,yes,no,80,40,1
92105,MID-CITY:CITY HEIGHTS,9,0,80%-80%,4,4050 Oakcrest Dr,yes,no,80,40,1
92105,MID-CITY:CITY HEIGHTS,9,0,80%-80%,4,4262 44th Street,yes,no,80,40,1
92105,MID-CITY:CITY HEIGHTS,9,0,80%-80%,4,5326 Rex Avenue,yes,no,80,40,1
92105,MID-CITY:CITY HEIGHTS,9,0,80%-80%,6,4147 Chamoune Avenue,yes,no,80,40,1
92105,MID-CITY:CITY HEIGHTS,9,0,80%-80%,6,4390 Maple Street,yes,no,80,40,1
92105,MID-CITY:CITY HEIGHTS,9,0,80%-80%,8,2628 44th Street,yes,no,80,40,1
92105,MID-CITY:CITY HEIGHTS,9,0,80%-80%,8,4164 37th Street,yes,no,78,40,1
92105,MID-CITY:CITY HEIGHTS,9,0,80%-80%,12,Euclid Avenue Apartments,no,no,80,40,1
92105,MID-CITY:CITY HEIGHTS,9,0,80%-80%,24,4273 Juniper Street,yes,no,80,40,1
92105,MID-CITY:CITY HEIGHTS,9,0,80%-80%,33,Courtyard Apartments,yes,no,80,40,1
92105,MID-CITY:CITY HEIGHTS,9,0,110%-110%,1,2410 Shamrock Street ADUs,no,no,80,40,1
92105,MID-CITY:CITY HEIGHTS,9,1,30%-45%,150,Potiker City Heights Residence,no,no,80,40,1
92105,MID-CITY:CITY HEIGHTS,9,1,30%-60%,64,Serenade on 43rd,no,no,80,40,1
92105,MID-CITY:CITY HEIGHTS,9,1,30%-60%,67,Auburn Park,no,no,80,40,1
92105,MID-CITY:CITY HEIGHTS,9,1,65%-65%,2,Loro Villas,no,no,80,40,1
92105,MID-CITY:EASTERN AREA,4,0,50%-60%,90,Redwood Villa Apartments,no,no,79,39,1
92105,MID-CITY:EASTERN AREA,4,0,50%-60%,297,Hillside Views Apartments,no,no,79,39,1
92105,MID-CITY:EASTERN AREA,4,0,60%-60%,60,Olivewood Gardens,no,no,79,39,1
92105,MID-CITY:EASTERN AREA,9,1,65%-65%,2,Aztec Canyon Apartments,no,no,79,39,1
92105,MID-CITY:NORMAL HEIGHTS,9,0,80%-80%,5,4343 38th Street,yes,no,78,39,1
92105,MID-CITY:NORMAL HEIGHTS,9,1,30%-50%,52,Alpha Lofts,no,no,78,39,1
92105,NORTH PARK,3,0,60%-60%,244,Bridgeport Properties II,no,no,78,39,1
92105,UPTOWN,3,0,0%-0%,0,Redwood Apartments/Hotel,no,yes,78,39,1
92105-1922,MID-CITY:CITY HEIGHTS,9,0,80%-80%,4,4078 47th Street,yes,no,80,40,1
92105-3239,MID-CITY:CITY HEIGHTS,9,0,80%-80%,4,5330 Rex Avenue,yes,no,80,40,1
92105-3303,MID-CITY:CITY HEIGHTS,9,0,80%-80%,4,3617 42nd Street,yes,no,80,40,1
92105-3496,MID-CITY:CITY HEIGHTS,9,0,80%-80%,4,3630 Van Dyke Avenue,yes,no,80,40,1
92105-3944,MID-CITY:EASTERN AREA,4,0,80%-80%,4,5955 Streamview Dr,yes,no,79,39,1
92105-4561,MID-CITY:CITY HEIGHTS,9,0,80%-80%,9,4180 Poplar Street,yes,no,80,40,1
92105-4692,MID-CITY:CITY HEIGHTS,9,0,80%-80%,20,4205 Juniper Street,yes,no,80,40,1
92105-4708,MID-CITY:CITY HEIGHTS,9,0,80%-80%,4,2734 44th Street,yes,no,80,40,1
92105-4968,MID-CITY:EASTERN AREA,4,0,80%-80%,7,3051 54th Street,yes,no,79,39,1
92105-6711,MID-CITY:CITY HEIGHTS,9,0,80%-80%,8,2420 44th Street,yes,no,80,40,1
92106,PENINSULA,2,0,0%-0%,0,Loma Manor Apartments,no,yes,78,39,1
92106,PENINSULA,2,0,0%-0%,0,Outrigger Motel,no,yes,78,39,1
92106,PENINSULA,2,0,50%-50%,1,Keats Street Apartments,no,no,78,39,1
92106,PENINSULA,2,0,50%-50%,3,Fenelon Apartments,no,no,78,39,1
92107,OCEAN BEACH,2,0,0%-0%,0,2126 Abbott Street,no,yes,78,39,1
92107,OCEAN BEACH,2,0,0%-0%,0,4930 Santa Monica Avenue,no,yes,78,39,1
92107,OCEAN BEACH,2,0,0%-0%,0,Royal Apartments,no,yes,78,39,1
92107,OCEAN BEACH,2,0,30%-30%,13,The Shores at North Beach,no,no,78,39,1
92107,OCEAN BEACH,2,0,80%-80%,8,5071 Muir Avenue,yes,no,78,39,1
92107,OCEAN BEACH,2,0,80%-120%,300,Mariner's Cove Apartments,no,no,78,39,1
92107,OCEAN BEACH,2,0,110%-110%,3,4650 Point Loma Avenue,no,no,78,39,1
92107,PENINSULA,2,0,50%-50%,2,Nimitz Crossing,no,no,78,39,1
92107,PENINSULA,2,0,110%-110%,1,4627 Adair Street ADUs,no,no,78,39,1
92108,DOWNTOWN,3,0,30%-30%,87,Jacaranda on 9th,no,no,78,39,1
92108,LINDA VISTA,7,1,30%-60%,148,Versa At Civita,no,no,79,39,1
92108,MISSION VALLEY,3,0,80%-80%,161,Presidio Palms,no,no,78,39,1
92108,MISSION VALLEY,3,0,80%-80%,190,Valley Vista Apartments,yes,no,78,39,1
92108,MISSION VALLEY,7,0,35%-60%,76,Mission Terrace Apartments,no,no,79,39,1
92108,MISSION VALLEY,7,1,50%-65%,201,Stylus Apartments,no,no,79,39,1
92108,MISSION VALLEY,7,1,65%-65%,103,Siena Senior Apartments,no,no,79,39,1
92109,DOWNTOWN,3,0,0%-0%,0,Beechwood Hotel,no,yes,78,39,1
92109,DOWNTOWN,3,0,0%-0%,0,Brunswick Hotel,no,yes,78,39,1
92109,DOWNTOWN,3,0,0%-0%,0,Home Run Hotel,no,yes,78,39,1
92109,DOWNTOWN,3,0,0%-0%,0,Jasmine Inn,no,yes,78,39,1
92109,MISSION BEACH,2,0,0%-0%,0,715 San Fernando Place,no,yes,78,39,1
92109,MISSION BEACH,2,0,0%-0%,0,3204 Mission Boulevard,no,yes,78,39,1
92109,MISSION BEACH,2,0,0%-0%,0,Tierra Palms Condominiums,no,yes,78,39,1
92109,PACIFIC BEACH,1,0,50%-50%,1,Del Rey Courtyard,no,no,78,39,1
92109,PACIFIC BEACH,1,0,50%-50%,1,Ingraham Apartments,no,no,78,39,1
92109,PACIFIC BEACH,1,0,50%-50%,1,Pacific Beach Townhomes,no,no,78,39,1
92109,PACIFIC BEACH,1,0,50%-50%,2,Hornblend Units,no,no,78,39,1
92109,PACIFIC BEACH,1,0,50%-50%,2,Jewell Apartments,no,no,78,39,1
92109,PACIFIC BEACH,1,0,50%-50%,2,Turquoise Place,no,no,78,39,1
92109,PACIFIC BEACH,1,0,50%-50%,3,The Lamont,no,no,78,39,1
92109,PACIFIC BEACH,1,0,50%-50%,4,Villas by the Sea,no,no,78,39,1
92109,PACIFIC BEACH,1,0,50%-50%,14,Mara Pacific,no,no,78,39,1
92109,PACIFIC BEACH,1,0,80%-80%,5,2644 Hornblend Street,yes,no,78,39,1
92109,PACIFIC BEACH,1,0,80%-80%,6,2045 Grand Avenue,yes,no,78,39,1
92109,PACIFIC BEACH,1,0,110%-110%,1,Pfeiffer Properties - Magnolia Avenue,no,no,78,39,1
92109,PACIFIC BEACH,1,0,110%-110%,3,2330 Grand Avenue ADU,no,no,78,39,1
92109,PACIFIC BEACH,1,0,110%-110%,3,2332 Grand Avenue ADU,no,no,78,39,1
92109,PACIFIC BEACH,1,1,50%-50%,2,Markey Mixed Use,no,no,78,39,1
92109,PACIFIC BEACH,1,1,50%-50%,2,The Point,no,no,78,39,1
92109,PACIFIC BEACH,1,1,65%-65%,1,Ingraham & Felspar Apartments,no,no,78,39,1
92109,UPTOWN,3,0,0%-0%,0,Vantaggio Suites Hillcrest,no,yes,78,39,1
92109-4928,PACIFIC BEACH,1,0,80%-80%,6,2701 Figueroa Blvd,yes,no,78,39,1
92110,CLAIREMONT MESA,2,0,50%-60%,196,Sorrento Tower Apartments,no,no,78,39,1
92110,CLAIREMONT MESA,2,0,90%-90%,1,4854 Gardena Avenue ADUs,no,no,78,39,1
92110,CLAIREMONT MESA,2,0,110%-110%,1,2518-2524 Erie Street ADUs,no,no,78,39,1
92110,LINDA VISTA,7,0,35%-35%,2,Lauretta Apartments II,no,no,78,39,1
92110,LINDA VISTA,7,0,50%-50%,3,Lauretta Apartments,no,no,78,39,1
92110,LINDA VISTA,7,0,50%-120%,5,Blend-SD,no,no,78,39,1
92110,LINDA VISTA,7,0,60%-60%,1,5727 Lauretta Street,no,no,78,39,1
92110,LINDA VISTA,7,1,80%-80%,18,Arrive Mission Valley,no,no,78,39,1
92110,LINDA VISTA,7,1,100%-100%,30,Pacific Ridge Apartments,no,no,78,39,1
92110,MIDWAY-PACIFIC HIGHWAY,2,0,0%-0%,0,Royal Guest Home,no,yes,78,39,1
92110,MIDWAY-PACIFIC HIGHWAY,2,0,0%-0%,0,The Lighthouse at San Diego,no,yes,78,39,1
92110,MIDWAY-PACIFIC HIGHWAY,2,0,0%-0%,0,Veteran's Village of San Diego Phase 1,no,no,78,39,1
92110,MIDWAY-PACIFIC HIGHWAY,2,0,0%-0%,0,Veteran's Village of San Diego Phase 3,no,no,78,39,1
92110,MIDWAY-PACIFIC HIGHWAY,2,0,0%-0%,0,Veteran's Village of San Diego Phase 4,no,no,78,39,1
92110,MIDWAY-PACIFIC HIGHWAY,2,0,0%-0%,0,Veteran's Village of San Diego Phase 5,no,no,78,39,1
92110,MIDWAY-PACIFIC HIGHWAY,2,0,30%-30%,62,Pacific Village,yes,no,78,39,1
92110,MIDWAY-PACIFIC HIGHWAY,2,0,50%-50%,7,The Californian,no,no,78,39,1
92110,MIDWAY-PACIFIC HIGHWAY,2,0,80%-80%,58,Orchard II,no,no,78,39,1
92110,MIDWAY-PACIFIC HIGHWAY,2,0,80%-80%,275,Orchard I,no,no,78,39,1
92110,MIDWAY-PACIFIC HIGHWAY,2,1,50%-60%,84,Mission Apartments,no,no,78,39,1
92110,OLD TOWN SAN DIEGO,2,0,0%-0%,0,2422 San Diego Avenue,no,yes,78,39,1
92110,OLD TOWN SAN DIEGO,2,0,0%-0%,0,Villas Chapultepec,no,yes,78,39,1
92110,OLD TOWN SAN DIEGO,2,0,50%-50%,1,Mission West Lofts,no,no,78,39,1
92110,PENINSULA,2,0,50%-50%,2,Chapman Place,no,no,78,39,1
92110,PENINSULA,2,0,80%-80%,51,Pointe Luxe,no,no,78,39,1
92110,PENINSULA,2,1,50%-50%,15,Dylan Point Loma,no,no,78,39,1
92110,UPTOWN,3,0,50%-80%,12,Paseo Glenn Apartments,no,no,78,39,1
92110-2030,MIDWAY-PACIFIC HIGHWAY,2,0,0%-0%,0,Veteran's Village of San Diego Phase 2,no,no,78,39,1
92110-2752,OLD TOWN SAN DIEGO,2,0,80%-80%,8,3919 Mason Street,yes,no,78,39,1
92110-3849,LINDA VISTA,7,0,80%-80%,4,4890 Naples Street,yes,no,78,39,1
92110-4638,MIDWAY-PACIFIC HIGHWAY,2,0,35%-50%,31,Take Wing,no,no,78,39,1
92110-5526,PENINSULA,2,0,80%-80%,12,3222-24 Camulos Street,yes,no,78,39,1
92110-5869,PENINSULA,2,0,80%-80%,4,4095 Valeta Street,yes,no,78,39,1
92111,CLAIREMONT MESA,2,0,50%-50%,243,7705 Belden Street,yes,no,77,39,1
92111,CLAIREMONT MESA,2,0,50%-60%,220,The Stratton,no,no,77,39,1
92111,CLAIREMONT MESA,2,0,80%-80%,119,Village North Senior Garden Apartments,no,no,77,39,1
92111,CLAIREMONT MESA,2,0,110%-110%,1,4998 Bigelow Drive ADUs,no,no,77,39,1
92111,CLAIREMONT MESA,2,0,110%-110%,2,3665 - 3671 Budd Street ADUs,no,no,77,39,1
92111,CLAIREMONT MESA,2,0,110%-110%,2,6636-6638 Rockglen Avenue ADUs,no,no,77,39,1
92111,CLAIREMONT MESA,2,1,30%-50%,52,Ivy Senior Apartments,no,no,77,39,1
92111,KEARNY MESA,6,0,0%-0%,0,Kearny Vista II,no,no,77,39,1
92111,KEARNY MESA,6,0,80%-80%,142,Kearny Vista Apartments,yes,no,77,39,1
92111,LINDA VISTA,7,0,25%-60%,126,Levant Senior Cottages,no,no,79,39,1
92111,LINDA VISTA,7,0,50%-50%,3,Ulric Apartments,no,no,79,39,1
92111,LINDA VISTA,7,0,50%-120%,12,2285-2295 Ulric Street,no,no,79,39,1
92111,LINDA VISTA,7,0,60%-60%,1,Berracasa Apts,no,no,79,39,1
92111,LINDA VISTA,7,0,80%-80%,66,Linda Vista Village,no,no,79,39,1
92111,LINDA VISTA,7,0,110%-110%,1,1704 Burton Street ADU,no,no,79,39,1
92111,LINDA VISTA,7,0,110%-110%,1,2448-2850 Nye Street ADUs,no,no,79,39,1
92111,LINDA VISTA,7,0,110%-110%,1,2722 Nye Street ADU,no,no,79,39,1
92111,LINDA VISTA,7,0,110%-110%,1,2810 Nye Street ADU,no,no,79,39,1
92111,LINDA VISTA,7,0,110%-110%,1,Preece Street ADUs,no,no,79,39,1
92111,LINDA VISTA,7,0,110%-110%,2,1722-1724 Burton Street ADUs,no,no,79,39,1
92111,LINDA VISTA,7,0,110%-110%,2,6760 South Elman Street ADUs,no,no,79,39,1
92111,LINDA VISTA,7,0,110%-110%,2,Hanford Drive,no,no,79,39,1
92111,LINDA VISTA,7,0,115%-115%,1,1997-1999 Westinghouse Street ADUs,no,no,79,39,1
92111,LINDA VISTA,7,1,30%-60%,59,Puesta Del Sol,no,no,79,39,1
92111,LINDA VISTA,7,1,30%-60%,95,Amanecer Apartments,no,no,79,39,1
92111,LINDA VISTA,7,1,50%-50%,1,Linda Vista Lofts,no,no,79,39,1
92111,LINDA VISTA,7,1,65%-65%,2,West Dunlop Apartments,no,no,79,39,1
92111,LINDA VISTA,7,1,65%-65%,8,Dunlop Street Apartments,no,no,79,39,1
92111-5674,LINDA VISTA,7,0,80%-80%,11,2615 Genesee Avenue,yes,no,79,39,1
92111-6015,LINDA VISTA,7,0,80%-80%,4,2326 East Jewett Street,yes,no,79,39,1
92111-6055,LINDA VISTA,7,0,80%-80%,14,7085 Levant Street,yes,no,79,39,1
92111-6066,LINDA VISTA,7,0,80%-80%,36,7105 Eastman Street,yes,no,79,39,1
92111-6133,LINDA VISTA,7,0,80%-80%,31,7526 Fulton Street,yes,no,79,39,1
92111-6527,LINDA VISTA,7,0,80%-80%,4,6511 Tait Street,yes,no,79,39,1
92111-6804,LINDA VISTA,7,0,80%-80%,84,2052 Via Las Cumbres,yes,no,79,39,1
92111-6831,LINDA VISTA,7,0,80%-80%,36,2055 Via Las Cumbres,yes,no,79,39,1
92113,BARRIO LOGAN,8,0,35%-60%,142,Mercado Apartments,no,no,80,40,1
92113,BARRIO LOGAN,8,0,50%-50%,2,Newton Avenue,no,no,80,40,1
92113,BARRIO LOGAN,8,0,50%-60%,11,Barrio Senior Villas,no,no,80,40,1
92113,BARRIO LOGAN,8,0,80%-80%,5,2883 Boston Avenue,yes,no,80,40,1
92113,BARRIO LOGAN,8,0,80%-80%,5,2955 Boston Avenue,yes,no,80,40,1
92113,BARRIO LOGAN,8,1,30%-60%,41,Gateway Family Apartments I,no,no,80,40,1
92113,BARRIO LOGAN,8,1,30%-60%,84,La Entrada Family Apartments,no,no,80,40,1
92113,BARRIO LOGAN,8,1,30%-60%,88,Los Vientos,no,no,80,40,1
92113,BARRIO LOGAN,8,1,30%-60%,91,Estrella Del Mercado Apartments,yes,no,80,40,1
92113,DOWNTOWN,3,1,25%-50%,323,St. Teresa of Calcutta I,no,no,78,39,1
92113,DOWNTOWN,3,1,30%-60%,80,St. Teresa of Calcutta II,no,no,78,39,1
92113,ENCANTO NEIGHBORHOODS,4,0,30%-60%,31,Independence Point,no,no,79,40,1
92113,ENCANTO NEIGHBORHOODS,4,0,30%-60%,44,Ouchi Courtyard,no,no,79,40,1
92113,ENCANTO NEIGHBORHOODS,4,0,30%-60%,111,Arbor Village Apartments,no,no,79,40,1
92113,ENCANTO NEIGHBORHOODS,4,0,30%-60%,266,Sea Breeze Gardens,no,no,79,40,1
92113,ENCANTO NEIGHBORHOODS,4,0,50%-50%,1,312 S 49th Street,no,no,79,40,1
92113,ENCANTO NEIGHBORHOODS,4,0,50%-60%,15,Lincoln Park Cooperative,no,no,79,40,1
92113,ENCANTO NEIGHBORHOODS,4,0,50%-60%,53,Knox Glen Apartments,no,no,79,40,1
92113,ENCANTO NEIGHBORHOODS,4,0,50%-60%,169,Bella Vista,no,no,79,40,1
92113,SOUTHEASTERN SAN DIEGO,4,0,30%-60%,53,Casa Puleta,no,no,80,40,1
92113,SOUTHEASTERN SAN DIEGO,4,0,50%-50%,6,National Avenue Apartments,no,no,80,40,1
92113,SOUTHEASTERN SAN DIEGO,4,0,50%-50%,42,Delta Place,no,no,80,40,1
92113,SOUTHEASTERN SAN DIEGO,4,0,50%-60%,39,Parkside Apartments,no,no,80,40,1
92113,SOUTHEASTERN SAN DIEGO,4,0,50%-60%,69,Mayberry Townhomes,no,no,80,40,1
92113,SOUTHEASTERN SAN DIEGO,4,0,50%-60%,75,Golden Age Gardens Apartments,no,no,80,40,1
92113,SOUTHEASTERN SAN DIEGO,4,0,50%-60%,107,Las Serenas,no,no,80,40,1
92113,SOUTHEASTERN SAN DIEGO,4,0,50%-60%,143,Town & Country Apartments,no,no,80,40,1
92113,SOUTHEASTERN SAN DIEGO,4,0,60%-60%,164,Park Crest,no,no,80,40,1
92113,SOUTHEASTERN SAN DIEGO,4,0,90%-90%,1,3449 Ocean View Boulevard,no,no,80,40,1
92113,SOUTHEASTERN SAN DIEGO,4,0,110%-110%,3,606 South 46th Street ADUs,no,no,80,40,1
92113,SOUTHEASTERN SAN DIEGO,4,0,110%-110%,3,Logan Ave ADU Duplexes,no,no,80,40,1
92113,SOUTHEASTERN SAN DIEGO,8,0,0%-0%,0,Gibraltar Lodge,no,yes,80,40,1
92113,SOUTHEASTERN SAN DIEGO,8,0,30%-50%,69,Victoria at COMM22,no,no,80,40,1
92113,SOUTHEASTERN SAN DIEGO,8,0,30%-60%,70,Keeler Court,no,no,80,40,1
92113,SOUTHEASTERN SAN DIEGO,8,0,50%-50%,1,Everett and National,no,no,80,40,1
92113,SOUTHEASTERN SAN DIEGO,8,0,50%-50%,15,40th Street Apartments,no,no,80,40,1
92113,SOUTHEASTERN SAN DIEGO,8,0,50%-120%,3,Mando,no,no,80,40,1
92113,SOUTHEASTERN SAN DIEGO,8,0,60%-60%,1,Everett Apartments,no,no,80,40,1
92113,SOUTHEASTERN SAN DIEGO,8,0,60%-60%,3,3691 National Avenue,no,no,80,40,1
92113,SOUTHEASTERN SAN DIEGO,8,0,110%-110%,1,1877-1881 Irving Avenue ADUs,no,no,80,40,1
92113,SOUTHEASTERN SAN DIEGO,8,0,110%-110%,1,3662 Z Street ADUs,no,no,80,40,1
92113,SOUTHEASTERN SAN DIEGO,8,1,30%-60%,51,Vista Del Puente,no,no,80,40,1
92113,SOUTHEASTERN SAN DIEGO,8,1,30%-60%,128,Paseo at COMM22,no,no,80,40,1
92113,SOUTHEASTERN SAN DIEGO,8,1,65%-65%,1,4066 Newton Avenue,no,no,80,40,1
92113,SOUTHEASTERN SAN DIEGO,9,0,50%-50%,4,Mountain View Apartments,no,no,80,40,1
92113-1563,SOUTHEASTERN SAN DIEGO,8,0,50%-50%,39,Vista Verde Apartments,yes,no,80,40,1
92114,ENCANTO NEIGHBORHOODS,4,0,0%-0%,0,Welcome Home,no,no,79,40,1
92114,ENCANTO NEIGHBORHOODS,4,0,30%-50%,48,Vista Grande,no,no,79,40,1
92114,ENCANTO NEIGHBORHOODS,4,0,50%-50%,11,Valencia Pointe,no,no,79,40,1
92114,ENCANTO NEIGHBORHOODS,4,0,50%-50%,14,Stork Street Apartments,no,no,79,40,1
92114,ENCANTO NEIGHBORHOODS,4,0,50%-50%,59,George D. McKinney Retirement Center,no,no,79,40,1
92114,ENCANTO NEIGHBORHOODS,4,0,50%-60%,49,Jean C. Mckinney Manor,no,no,79,40,1
92114,ENCANTO NEIGHBORHOODS,4,0,80%-80%,1,5974 Old Memory Lane,yes,no,79,39,1
92114,ENCANTO NEIGHBORHOODS,4,0,110%-110%,1,1753 Winnett Street ADUs,no,no,79,39,1
92114,ENCANTO NEIGHBORHOODS,4,1,30%-60%,65,Encanto Village,no,no,79,40,1
92114,ENCANTO NEIGHBORHOODS,4,1,30%-60%,66,Villa Encantada,no,no,79,40,1
92114,SKYLINE-PARADISE HILLS,4,0,80%-80%,1,319 Los Reyes Drive,no,no,79,40,1
92114,SKYLINE-PARADISE HILLS,4,0,90%-90%,1,8521 Parkbrook Lane ADUs,no,no,79,40,1
92114-1019,ENCANTO NEIGHBORHOODS,4,1,30%-60%,111,The Orchard,no,no,80,40,1
92114-3840,ENCANTO NEIGHBORHOODS,4,0,80%-80%,32,Santa Margarita,yes,no,79,40,1
92114-7439,SKYLINE-PARADISE HILLS,4,0,80%-80%,1,8505 Noeline Avenue,yes,no,79,40,1
92115,COLLEGE AREA,9,0,30%-60%,49,PATH Villas El Cerrito,no,no,79,39,1
92115,COLLEGE AREA,9,0,50%-65%,159,Wesley Terrace,no,no,78,39,1
92115,COLLEGE AREA,9,0,50%-120%,4,Avi Apartments,no,no,79,39,1
92115,COLLEGE AREA,9,0,50%-120%,24,6440 El Cajon Boulevard,no,no,79,39,1
92115,COLLEGE AREA,9,0,80%-80%,1,5644 Mary Lane Drive ADUs,no,no,79,39,1
92115,COLLEGE AREA,9,0,80%-80%,7,7281 Saranac Street,yes,no,79,39,1
92115,COLLEGE AREA,9,0,90%-90%,2,5505 Mary Lane Drive ADUs,no,no,79,39,1
92115,COLLEGE AREA,9,0,110%-110%,1,6250 Stewart Street ADUs,no,no,79,39,1
92115,COLLEGE AREA,9,0,110%-110%,1,6251 Mary Lane Drive ADU,no,no,79,39,1
92115,COLLEGE AREA,9,0,110%-110%,1,Catoctin Drive ADUs,no,no,79,39,1
92115,COLLEGE AREA,9,0,110%-110%,2,5116 69th Street,no,no,79,39,1
92115,COLLEGE AREA,9,0,110%-110%,3,5144 Manchester Road ADUs,no,no,79,39,1
92115,COLLEGE AREA,9,0,110%-110%,3,5248 Adams Avenue,no,no,78,39,1
92115,COLLEGE AREA,9,0,110%-110%,3,The Atlas at 69th,no,no,79,39,1
92115,COLLEGE AREA,9,0,115%-115%,1,54th Street ADUs,no,no,78,39,1
92115,COLLEGE AREA,9,1,30%-60%,77,Mesa Commons,no,no,79,39,1
92115,COLLEGE AREA,9,1,50%-50%,2,Zuma Apartments,no,no,79,39,1
92115,MID-CITY:CITY HEIGHTS,9,0,50%-50%,69,Villa Alta,no,no,79,40,1
92115,MID-CITY:CITY HEIGHTS,9,0,50%-60%,52,Trojan Apartments,no,no,79,40,1
92115,MID-CITY:CITY HEIGHTS,9,0,50%-60%,63,Colina Park North Apartments,no,no,79,40,1
92115,MID-CITY:CITY HEIGHTS,9,0,80%-80%,2,4207 Altadena Avenue,yes,no,79,40,1
92115,MID-CITY:CITY HEIGHTS,9,0,80%-80%,4,4286 48th Street,yes,no,79,40,1
92115,MID-CITY:CITY HEIGHTS,9,0,80%-80%,6,4164 Altadena Avenue,yes,no,80,40,1
92115,MID-CITY:CITY HEIGHTS,9,0,80%-80%,6,4225 44th Street,yes,no,80,40,1
92115,MID-CITY:CITY HEIGHTS,9,0,80%-80%,6,4261 45th Street,yes,no,79,40,1
92115,MID-CITY:CITY HEIGHTS,9,0,80%-80%,71,5330 Orange Ave,yes,no,79,40,1
92115,MID-CITY:CITY HEIGHTS,9,1,50%-50%,2,Hillside Apartment Homes,no,no,79,40,1
92115,MID-CITY:CITY HEIGHTS,9,1,50%-50%,87,Courtyard Terrace,no,no,79,40,1
92115,MID-CITY:EASTERN AREA,9,0,35%-35%,18,Reese Village,no,no,79,39,1
92115,MID-CITY:EASTERN AREA,9,0,50%-50%,76,Hillside Garden Apartments,no,no,79,39,1
92115,MID-CITY:EASTERN AREA,9,0,50%-60%,92,Village Green Apartments,no,no,79,39,1
92115,MID-CITY:EASTERN AREA,9,0,60%-60%,1,5930 Estelle Street ADUs,no,no,79,39,1
92115,MID-CITY:EASTERN AREA,9,0,90%-90%,1,4314 Aragon Way ADUs,no,no,79,39,1
92115,MID-CITY:EASTERN AREA,9,0,110%-110%,1,4383 Rolando Boulevard ADU,no,no,79,39,1
92115,MID-CITY:EASTERN AREA,9,0,110%-110%,1,Marron Street ADUs,no,no,79,39,1
92115,MID-CITY:EASTERN AREA,9,0,110%-110%,3,6830 Amherst Street ADU,no,no,79,39,1
92115,MID-CITY:EASTERN AREA,9,0,110%-110%,4,Boulevard 63,no,no,79,39,1
92115,MID-CITY:EASTERN AREA,9,0,120%-120%,2,6285 Lorca Drive ADU,no,no,79,39,1
92115,MID-CITY:KENSINGTON-TALMADGE,9,0,30%-50%,90,Talmadge Senior Village,no,no,78,39,1
92115,MID-CITY:KENSINGTON-TALMADGE,9,0,50%-60%,19,The Cove Apartments,no,no,78,39,1
92115,MID-CITY:KENSINGTON-TALMADGE,9,0,50%-60%,77,Mid-City Family Apartments,no,no,78,39,1
92115,MID-CITY:KENSINGTON-TALMADGE,9,0,80%-80%,5,4566 51st Street,yes,no,78,39,1
92115,MID-CITY:KENSINGTON-TALMADGE,9,0,80%-80%,8,4416 Highland Avenue,yes,no,78,39,1
92115,MID-CITY:KENSINGTON-TALMADGE,9,0,110%-110%,1,4469 � 4473 Altadena Avenue ADUs,no,no,78,39,1
92115,MID-CITY:KENSINGTON-TALMADGE,9,0,110%-110%,2,49th Street ADUs,no,no,78,39,1
92115,MID-CITY:KENSINGTON-TALMADGE,9,1,30%-45%,59,Talmadge Gateway,no,no,78,39,1
92115,MID-CITY:KENSINGTON-TALMADGE,9,1,40%-60%,115,Harris Family Senior Residence,no,no,78,39,1
92115,UPTOWN,3,0,50%-50%,6,Onyx On Park,no,no,78,39,1
92115-3322,MID-CITY:KENSINGTON-TALMADGE,9,0,80%-80%,8,4560 Altadena Avenue,yes,no,78,39,1
92115-3346,MID-CITY:KENSINGTON-TALMADGE,9,0,80%-80%,8,4479 Altadena Avenue,yes,no,78,39,1
92115-5231,MID-CITY:CITY HEIGHTS,9,0,80%-80%,3,5385 Trojan Avenue,yes,no,79,40,1
92115-5258,MID-CITY:CITY HEIGHTS,9,0,50%-50%,30,5316 Meade Avenue,yes,no,79,40,1
92115-8117,MID-CITY:CITY HEIGHTS,9,0,30%-45%,23,Townspeople 51st Street Apartments,no,no,79,40,1
92116,MID-CITY:KENSINGTON-TALMADGE,9,0,65%-65%,3,Kensington Commons,no,no,78,39,1
92116,MID-CITY:NORMAL HEIGHTS,9,0,50%-50%,1,Orchid Micro Apartments,no,no,78,39,1
92116,MID-CITY:NORMAL HEIGHTS,9,0,80%-80%,4,4756 35th Street,yes,no,78,39,1
92116,MID-CITY:NORMAL HEIGHTS,9,0,80%-80%,5,4632 33rd Street,yes,no,78,39,1
92116,MID-CITY:NORMAL HEIGHTS,9,0,80%-80%,8,4541 33rd Street,yes,no,78,39,1
92116,MID-CITY:NORMAL HEIGHTS,9,0,80%-80%,8,4574 38th Street,yes,no,78,39,1
92116,MID-CITY:NORMAL HEIGHTS,9,0,80%-80%,8,4751 33rd Street,yes,no,78,39,1
92116,NORTH PARK,3,0,50%-50%,1,3804 Meade Avenue,no,no,78,39,1
92116,NORTH PARK,3,0,50%-50%,1,4640 30th Street,no,no,78,39,1
92116,NORTH PARK,3,0,50%-50%,2,4566-4568 30th Street,no,no,78,39,1
92116,NORTH PARK,3,0,50%-120%,8,2911 Adams Apartments,no,no,78,39,1
92116,NORTH PARK,3,0,50%-120%,8,Adams Avenue & Kansas Street,no,no,78,39,1
92116,NORTH PARK,3,0,60%-110%,5,Florida Street ADUs,no,no,78,39,1
92116,NORTH PARK,3,0,80%-80%,8,4450 Georgia Street,yes,no,78,39,1
92116,NORTH PARK,3,0,80%-80%,8,4637 Hamilton Street,yes,no,78,39,1
92116,NORTH PARK,3,0,110%-110%,1,4503 Idaho Street ADUs,no,no,78,39,1
92116,NORTH PARK,3,0,110%-110%,2,4486 Kansas Street ADUS,no,no,78,39,1
92116,NORTH PARK,3,1,50%-50%,1,Pujji Development,no,no,78,39,1
92116,UPTOWN,3,0,0%-0%,0,Park Madison Hotel,no,yes,78,39,1
92116-1832,MID-CITY:NORMAL HEIGHTS,9,0,80%-80%,3,4720 34th Street,yes,no,78,39,1
92116-2425,MID-CITY:NORMAL HEIGHTS,9,0,50%-50%,7,35th Street Apartments,no,no,78,39,1
92116-3482,MID-CITY:NORMAL HEIGHTS,9,0,50%-60%,33,Townspeople 34th Street Apartments,no,no,78,39,1
92116-4224,NORTH PARK,3,0,80%-80%,6,2727 Meade Avenue,yes,no,78,39,1
92117,CLAIREMONT MESA,2,0,30%-60%,45,Cerro Pueblo,no,no,78,39,1
92117,CLAIREMONT MESA,2,0,60%-60%,2,Gila Apartments,no,no,77,39,1
92117,CLAIREMONT MESA,2,0,80%-80%,26,Casa de Balboa,no,no,77,39,1
92117,CLAIREMONT MESA,2,0,110%-110%,1,3021 Luna Avenue ADU,no,no,77,39,1
92117,CLAIREMONT MESA,2,0,110%-110%,1,3031-3033 Luna Avenue ADU,no,no,77,39,1
92117,CLAIREMONT MESA,2,0,110%-110%,1,3248 Clairemont Drive ADUs,no,no,78,39,1
92117,CLAIREMONT MESA,2,0,110%-110%,1,3672 Mabon Place ADUs,no,no,77,39,1
92117,CLAIREMONT MESA,2,0,110%-110%,1,4724 Hidalgo Avenue ADUs,no,no,77,39,1
92117,CLAIREMONT MESA,2,0,110%-110%,1,Gila Ave ADU's,no,no,77,39,1
92117,CLAIREMONT MESA,2,0,110%-110%,2,3582 Hatteras Avenue ADUs,no,no,77,39,1
92117,CLAIREMONT MESA,2,0,110%-110%,2,Atlas at Moraga,no,no,77,39,1
92117,CLAIREMONT MESA,2,0,110%-110%,2,Feather Avenue ADUs,no,no,77,39,1
92117,CLAIREMONT MESA,2,0,110%-110%,5,Firestone Street ADUs,no,no,77,39,1
92117,CLAIREMONT MESA,2,0,110%-110%,6,4578 Jicarillo Avenue ADUs,no,no,77,39,1
92117,CLAIREMONT MESA,2,0,110%-110%,8,Le Jaime,no,no,77,39,1
92117,CLAIREMONT MESA,2,1,30%-60%,93,Modica,no,no,77,39,1
92117,CLAIREMONT MESA,2,1,30%-80%,78,Paul Downey Senior Residence,no,no,77,39,1
92117,CLAIREMONT MESA,2,1,30%-80%,135,Taormina Family Apartments,no,no,77,39,1
92117,MID-CITY:CITY HEIGHTS,4,0,110%-110%,2,2203 Isabel Street ADUs,no,no,80,40,1
92119,NAVAJO,7,0,80%-80%,9,7891 Golfcrest Dr,yes,no,77,39,1
92119,NAVAJO,7,0,80%-80%,124,Lakeshore Villa,no,no,79,39,1
92120,COLLEGE AREA,9,1,65%-65%,64,Sterling Alvarado,no,no,79,39,1
92120,NAVAJO,7,0,30%-30%,73,Trinity Apartments,no,no,79,39,1
92120,NAVAJO,7,0,30%-40%,84,Zephyr Grantville Veterans Apartments,no,no,79,39,1
92120,NAVAJO,7,0,30%-120%,124,ShoreLINE Apartments,no,no,79,39,1
92120,NAVAJO,7,0,35%-90%,13,Twain Avenue Apartments,no,no,79,39,1
92120,NAVAJO,7,0,110%-110%,1,Estrella Avenue ADUs,no,no,79,39,1
92120,NAVAJO,7,1,30%-40%,79,Stella,no,no,79,39,1
92120,NAVAJO,7,1,50%-50%,9,Pakeva Apartments,no,no,79,39,1
92120,NAVAJO,7,1,50%-60%,89,Mesa Verde Apartments,no,no,77,39,1
92120,NAVAJO,7,1,60%-60%,5,Grantville Station Apartments,no,no,79,39,1
92120,NAVAJO,7,1,65%-140%,89,The Verge,no,no,79,39,1
92121,MIRA MESA,6,1,65%-65%,180,Aquila Apartments,no,no,77,39,1
92122,UNIVERSITY,6,0,80%-80%,89,Mirada Apartments,no,no,78,39,1
92122,UNIVERSITY,6,1,65%-65%,30,Palisade Apartments,no,no,78,39,1
92122,UNIVERSITY,6,1,65%-65%,31,La Jolla Crossroads II,no,no,78,39,1
92122,UNIVERSITY,6,1,65%-120%,190,La Jolla Crossroads,no,no,78,39,1
92122,UNIVERSITY,6,1,110%-120%,47,La Jolla Crossroads-Moderate,no,no,78,39,1
92122-4206,UNIVERSITY,6,0,80%-80%,50,4055 Pulitzer Place,yes,no,78,39,1
92123,KEARNY MESA,6,1,65%-65%,13,Ariva Apartments,no,no,77,39,1
92123,KEARNY MESA,6,1,65%-65%,35,Domain Apartments,no,no,77,39,1
92123,KEARNY MESA,6,1,65%-120%,45,Vive Luxe,no,no,77,39,1
92123,KEARNY MESA,7,1,65%-65%,29,Mira Bella Apartments,no,no,79,39,1
92123,KEARNY MESA,7,1,65%-65%,36,Olympus Corsair,no,no,79,39,1
92123,SERRA MESA,7,0,0%-0%,0,Ronald MacDonald House - San Diego North House,no,yes,79,39,1
92123,SERRA MESA,7,0,50%-50%,32,The Salvation Army - Door of Hope,no,no,79,39,1
92123,SERRA MESA,7,0,80%-80%,4,8649 Glenhaven Street,yes,no,79,39,1
92123,SERRA MESA,7,0,80%-80%,4,8701 Glenhaven Street,yes,no,79,39,1
92123,SERRA MESA,7,0,80%-80%,4,8726 Hurlbut Street,yes,no,79,39,1
92123,SERRA MESA,7,0,110%-110%,2,3344-3350 Lockwood Drive ADUs,no,no,79,39,1
92123,SERRA MESA,7,0,110%-110%,2,8331 Neva Avenue ADUs,no,no,79,39,1
92123,SERRA MESA,7,0,110%-110%,2,8335 Neva Avenue ADU,no,no,79,39,1
92123,SERRA MESA,7,0,110%-110%,2,The Atlas at Angwin,no,no,79,39,1
92123-2107,SERRA MESA,7,0,80%-80%,4,8637 Glenhaven Street,yes,no,79,39,1
92123-2107,SERRA MESA,7,0,80%-80%,4,8661 Glenhaven Street,yes,no,79,39,1
92123-2171,SERRA MESA,7,0,80%-80%,4,8714 Hurlbut Street,yes,no,79,39,1
92123-3355,SERRA MESA,7,0,80%-80%,2,2766 Cardinal Road,yes,no,79,39,1
92124,TIERRASANTA,7,0,80%-80%,13,Tierra Corte Senior Apartments,no,no,77,39,1
92126,MIRA MESA,6,0,65%-65%,21,Casa Mira View Phase III,no,no,77,39,1
92126,MIRA MESA,6,0,80%-80%,1,11226 Tyrolean Way ADU,no,no,77,39,1
92126,MIRA MESA,6,0,80%-80%,5,8792 Mira Mesa Blvd,yes,no,77,39,1
92126,MIRA MESA,6,0,80%-80%,5,8816 Mira Mesa Blvd,yes,no,77,39,1
92126,MIRA MESA,6,0,90%-90%,2,Alta MP,no,no,77,39,1
92126,MIRA MESA,6,0,110%-110%,1,7248 Canyon Hill Way ADUs,no,no,77,39,1
92126,MIRA MESA,6,0,110%-110%,1,8356 Menkar Road ADUs,no,no,77,39,1
92126,MIRA MESA,6,0,110%-110%,1,Torero Place ADUs,no,no,77,39,1
92126,MIRA MESA,6,1,65%-65%,82,Casa Mira View Phase I,no,no,77,39,1
92126,MIRA MESA,6,1,65%-65%,82,Casa Mira View Phase II,no,no,77,39,1
92126-4107,MIRA MESA,6,0,80%-80%,131,Maya Linda,yes,no,77,39,1
92127,BLACK MOUNTAIN RANCH,5,0,50%-60%,82,Fairbanks Terrace Apartments,no,no,77,38,1
92127,BLACK MOUNTAIN RANCH,5,0,50%-60%,98,Fairbanks Square,no,no,77,38,1
92127,BLACK MOUNTAIN RANCH,5,0,60%-65%,203,Fairbanks Ridge Apartments,no,no,77,38,1
92127,BLACK MOUNTAIN RANCH,5,0,65%-65%,10,Chandon Village,no,no,77,38,1
92127,BLACK MOUNTAIN RANCH,5,1,50%-60%,118,Rancho Del Norte Apartments,no,no,77,38,1
92127,BLACK MOUNTAIN RANCH,5,1,60%-60%,31,Fairbanks Terrace II,no,no,77,38,1
92127,RANCHO BERNARDO,5,0,40%-60%,175,Tizon,no,no,77,39,1
92127,RANCHO BERNARDO,5,0,50%-60%,163,Fairbanks Commons,no,no,77,39,1
92127,SOUTHEASTERN SAN DIEGO,9,0,110%-110%,1,4104 F Street ADUs,no,no,80,40,1
92128,CARMEL MOUNTAIN RANCH,5,0,60%-120%,15,Alante,no,no,77,38,1
92128,RANCHO PENASQUITOS,5,1,60%-60%,81,The Junipers,no,no,77,39,1
92129,RANCHO PENASQUITOS,5,0,50%-50%,22,Millennium PQ,no,no,77,39,1
92129,RANCHO PENASQUITOS,5,0,50%-60%,353,Canyon Rim Apartments,no,no,77,39,1
92129,RANCHO PENASQUITOS,5,0,60%-60%,47,Aurora Apartments,no,no,77,39,1
92129,RANCHO PENASQUITOS,5,0,80%-80%,1,Hampe Court ADU,no,no,77,39,1
92129,RANCHO PENASQUITOS,5,0,90%-90%,1,9822 Paseo Montalban ADUs,no,no,77,39,1
92129,RANCHO PENASQUITOS,5,0,110%-110%,1,Paseo Montalban ADUs,no,no,77,39,1
92129,RANCHO PENASQUITOS,5,1,65%-65%,31,Cresta Bella,no,no,77,39,1
92129,RANCHO PENASQUITOS,5,1,65%-65%,60,Courtyard Pacific Village,no,no,77,39,1
92129,TORREY HIGHLANDS,5,0,50%-60%,25,Villa Glen Apartments,no,no,77,39,1
92129,TORREY HIGHLANDS,5,0,50%-60%,75,Torrey Highlands Apartments,no,no,77,39,1
92129,TORREY HIGHLANDS,5,0,65%-65%,4,Vista Terraza II,no,no,77,39,1
92129,TORREY HIGHLANDS,5,0,65%-65%,123,Vista Terraza Apartments,no,no,77,39,1
92129,TORREY HIGHLANDS,5,1,50%-60%,20,Park Terramar Apartments,no,no,77,39,1
92130,CARMEL VALLEY,1,0,50%-60%,89,Cielo Carmel Apartments II,no,no,77,39,1
92130,CARMEL VALLEY,1,0,65%-65%,38,Seabreeze Farms,no,no,77,39,1
92130,CARMEL VALLEY,1,1,65%-65%,9,Altura Apartments,no,no,77,39,1
92130,CARMEL VALLEY,1,1,65%-65%,61,One Paseo,no,no,77,39,1
92130,NCFUA SUBAREA II,1,0,60%-60%,20,Del Mar Highlands Estates,no,no,77,39,1
92130,PACIFIC HIGHLANDS RANCH,1,0,40%-60%,15,Del Mar MDU Buildings,no,no,77,39,1
92130,PACIFIC HIGHLANDS RANCH,1,0,50%-60%,27,Torrey Vale,no,no,77,39,1
92130,PACIFIC HIGHLANDS RANCH,1,0,50%-60%,31,Villa Andalucia Apartments,no,no,77,39,1
92130,PACIFIC HIGHLANDS RANCH,1,0,50%-60%,77,Luna,no,no,77,39,1
92130,PACIFIC HIGHLANDS RANCH,1,0,50%-60%,91,Windwood Village Apartments,no,no,77,39,1
92130,PACIFIC HIGHLANDS RANCH,1,0,50%-60%,95,Rancho Del Sol,no,no,77,39,1
92130,PACIFIC HIGHLANDS RANCH,1,0,50%-60%,106,Cielo Carmel Apartments I,no,no,77,39,1
92130,PACIFIC HIGHLANDS RANCH,1,0,50%-60%,107,The Crossings,no,no,77,39,1
92130,PACIFIC HIGHLANDS RANCH,1,0,65%-65%,23,Derby Terrace Apartments,no,no,77,39,1
92130,TORREY HIGHLANDS,1,0,30%-60%,110,Torrey Del Mar,no,no,77,39,1
92130,TORREY HILLS,1,1,65%-65%,24,Torrey Gardens,no,no,77,39,1
92130-4102,CARMEL VALLEY,1,0,80%-80%,45,12643 El Camino Real,yes,no,77,39,1
92131,MIRAMAR RANCH NORTH,5,0,50%-50%,53,Livia,no,no,77,38,1
92131,RANCHO ENCANTADA,6,0,50%-65%,106,Sagewood Estates At Stonebridge,no,no,77,38,1
92139,SKYLINE-PARADISE HILLS,4,0,40%-80%,170,Mariner's Village,no,no,79,40,1
92139,SKYLINE-PARADISE HILLS,4,0,50%-60%,443,Meadowbrook Apartments,no,no,79,40,1
92139-3049,SKYLINE-PARADISE HILLS,4,0,80%-80%,3,2325 Rachael Avenue,yes,no,80,40,1
92154,OTAY MESA,8,0,90%-90%,6,5202 Sunset Wave Drive,no,no,80,40,1
92154,OTAY MESA,8,1,50%-60%,41,Pacifica at Playa del Sol,no,no,80,40,1
92154,OTAY MESA,8,1,65%-65%,8,Greenfield Village Apartments,no,no,80,40,1
92154,OTAY MESA,8,1,90%-90%,53,Agualuna by Tri Pointe Homes,no,no,80,40,1
92154,OTAY MESA-NESTOR,8,0,0%-0%,72,Otay Park,no,no,80,40,1
92154,OTAY MESA-NESTOR,8,0,30%-30%,82,Benson Apartments,no,no,80,40,1
92154,OTAY MESA-NESTOR,8,0,30%-60%,90,Del Sol Apartments,no,no,80,40,1
92154,OTAY MESA-NESTOR,8,0,30%-60%,105,Tesoro Grove Apartments,no,no,80,40,1
92154,OTAY MESA-NESTOR,8,0,30%-60%,310,Coronado Terrace,no,no,80,40,1
92154,OTAY MESA-NESTOR,8,0,45%-50%,41,Mesa Family Villas,no,no,80,40,1
92154,OTAY MESA-NESTOR,8,0,50%-60%,238,Vista La Rosa,no,no,80,40,1
92154,OTAY MESA-NESTOR,8,0,50%-70%,45,Palm Terrace Apartments,no,no,80,40,1
92154,OTAY MESA-NESTOR,8,0,60%-60%,245,Imperial Pacific Village,no,no,80,40,1
92154,OTAY MESA-NESTOR,8,0,80%-80%,1,1145 Ransom Street,yes,no,80,40,1
92154,OTAY MESA-NESTOR,8,0,80%-80%,1,1169 Ransom Street,yes,no,80,40,1
92154,OTAY MESA-NESTOR,8,0,80%-80%,1,1232 Peterlynn Dr,no,no,80,40,1
92154,OTAY MESA-NESTOR,8,0,80%-80%,1,1317 Twining Avenue,yes,no,80,40,1
92154,OTAY MESA-NESTOR,8,0,80%-80%,1,1405 Peterlynn Dr,yes,no,80,40,1
92154,OTAY MESA-NESTOR,8,0,80%-80%,1,1530 Peterlynn Dr,yes,no,80,40,1
92154,OTAY MESA-NESTOR,8,0,80%-80%,1,4186 Marcwade Dr,yes,no,80,40,1
92154,OTAY MESA-NESTOR,8,0,80%-80%,1,4256 Layla Way,yes,no,80,40,1
92154,OTAY MESA-NESTOR,8,0,80%-80%,1,4274 Layla Way,yes,no,80,40,1
92154,OTAY MESA-NESTOR,8,0,80%-80%,1,4293 Marcwade Dr,yes,no,80,40,1
92154,OTAY MESA-NESTOR,8,0,80%-80%,1,4334 Marge Way,yes,no,80,40,1
92154,OTAY MESA-NESTOR,8,0,80%-80%,5,"HDP ADU, LLC",no,no,80,40,1
92154,OTAY MESA-NESTOR,8,0,80%-80%,9,Nestor Regency Senior Citizen Apartments,no,no,80,40,1
92154,OTAY MESA-NESTOR,8,0,80%-80%,100,Villa Merced,no,no,80,40,1
92154,OTAY MESA-NESTOR,8,1,30%-30%,73,Nestor Senior Village,no,no,80,40,1
92154,OTAY MESA-NESTOR,8,1,30%-60%,49,Creekside Trails,no,no,80,40,1
92154,OTAY MESA-NESTOR,8,1,30%-60%,49,Riverwalk,no,no,80,40,1
92154-2375,OTAY MESA-NESTOR,8,0,80%-80%,78,605 Picador Blvd,yes,no,80,40,1
92154-2506,OTAY MESA-NESTOR,8,0,80%-80%,1,4123 Arey Dr,yes,no,80,40,1
92154-2560,OTAY MESA-NESTOR,8,0,80%-80%,1,1041 Twining Avenue,yes,no,80,40,1
92154-2603,OTAY MESA-NESTOR,8,0,80%-80%,1,4314 Darwin Way,yes,no,80,40,1
92154-2605,OTAY MESA-NESTOR,8,0,80%-80%,1,4334 Ebersole Dr,yes,no,80,40,1
92154-2621,OTAY MESA-NESTOR,8,0,80%-80%,1,4233 Stu Ct,no,no,80,40,1
92154-3118,OTAY MESA-NESTOR,8,0,80%-80%,41,2381 Grove Avenue,yes,no,80,40,1
92154-3150,OTAY MESA-NESTOR,8,0,80%-80%,20,1351 Hollister Street,yes,no,80,40,1
92154-3710,OTAY MESA-NESTOR,8,0,80%-80%,1,4181 Enero Street,yes,no,80,40,1
92154-3714,OTAY MESA-NESTOR,8,0,80%-80%,1,1170 Ilexey Avenue,yes,no,80,40,1
92154-3726,OTAY MESA-NESTOR,8,0,80%-80%,1,1144 Twining Avenue,no,no,80,40,1
92154-3742,OTAY MESA-NESTOR,8,0,80%-80%,1,4230 Kimsue Way,yes,no,80,40,1
92154-3746,OTAY MESA-NESTOR,8,0,80%-80%,1,4074 Marcwade Dr,yes,no,80,40,1
92154-3750,OTAY MESA-NESTOR,8,0,80%-80%,1,4034 Peterlynn Ct,yes,no,80,40,1
92154-3753,OTAY MESA-NESTOR,8,0,80%-80%,1,1327 Peterlynn Dr,yes,no,80,40,1
92154-3760,OTAY MESA-NESTOR,8,0,80%-80%,1,4024 Peterlynn Way,yes,no,80,40,1
92154-3804,OTAY MESA-NESTOR,8,0,80%-80%,1,4339 Marcia Ct,yes,no,80,40,1
92154-3805,OTAY MESA-NESTOR,8,0,80%-80%,1,4239 Marge Way,yes,no,80,40,1
92154-3807,OTAY MESA-NESTOR,8,0,80%-80%,1,4331 Marge Way,yes,no,80,40,1
92154-3809,OTAY MESA-NESTOR,8,0,80%-80%,1,1128 Ransom Street,yes,no,80,40,1
92154-3814,OTAY MESA-NESTOR,8,0,80%-80%,1,1152 Nevin Street,yes,no,80,40,1
92154-3825,OTAY MESA-NESTOR,8,0,80%-80%,1,1366 Ilexey Avenue,yes,no,80,40,1
92154-3830,OTAY MESA-NESTOR,8,0,80%-80%,1,1255 Kostner Dr,yes,no,80,40,1
92154-3833,OTAY MESA-NESTOR,8,0,80%-80%,1,4276 Layla Ct,yes,no,80,40,1
92154-3834,OTAY MESA-NESTOR,8,0,80%-80%,1,4259 Layla Ct,yes,no,80,40,1
92154-3836,OTAY MESA-NESTOR,8,0,80%-80%,1,4269 Layla Way,yes,no,80,40,1
92154-3837,OTAY MESA-NESTOR,8,0,80%-80%,1,4150 Marcwade Dr,yes,no,80,40,1
92173,SAN YSIDRO,8,0,0%-0%,0,El Toreador Apartments,no,yes,80,40,1
92173,SAN YSIDRO,8,0,0%-0%,0,La Nola Hotel,no,yes,80,40,1
92173,SAN YSIDRO,8,0,0%-0%,0,San Ysidro Hotel,no,yes,80,40,1
92173,SAN YSIDRO,8,0,30%-60%,260,Vista Terrace Hills Apartments,no,no,80,40,1
92173,SAN YSIDRO,8,0,50%-50%,1,Averil Road Apartments,no,no,80,40,1
92173,SAN YSIDRO,8,0,50%-50%,2,Living Rooms at the Border,no,no,80,40,1
92173,SAN YSIDRO,8,0,50%-50%,24,La Posada Apartments,no,no,80,40,1
92173,SAN YSIDRO,8,0,50%-50%,40,Vista Lane Courts,no,no,80,40,1
92173,SAN YSIDRO,8,0,50%-60%,59,Beyer Courtyard Apartments,no,no,80,40,1
92173,SAN YSIDRO,8,0,50%-60%,80,Del Prado & Delta Manor,no,no,80,40,1
92173,SAN YSIDRO,8,0,50%-60%,159,Rio Vista Apartments,no,no,80,40,1
92173,SAN YSIDRO,8,0,50%-70%,264,Vista Lane Family - Phase 1,no,no,80,40,1
92173,SAN YSIDRO,8,0,60%-60%,2,Raintree Terrace II,no,no,80,40,1
92173,SAN YSIDRO,8,0,80%-80%,14,121 Averil Road,yes,no,80,40,1
92173,SAN YSIDRO,8,0,80%-80%,39,Rancho Del Rio,no,no,80,40,1
92173,SAN YSIDRO,8,0,110%-110%,1,3742-48 Via de la Bandola,no,no,80,40,1
92173,SAN YSIDRO,8,0,110%-110%,5,133 -135 West Olive Drive ADUs,no,no,80,40,1
92173,SAN YSIDRO,8,1,20%-50%,100,Ventana al Sur,no,no,80,40,1
92173,SAN YSIDRO,8,1,25%-25%,64,Milejo Village,no,no,80,40,1
92173,SAN YSIDRO,8,1,25%-60%,99,Iris at San Ysidro,no,no,80,40,1
92173,SAN YSIDRO,8,1,30%-50%,50,San Ysidro Senior Village,no,no,80,40,1
92173,SAN YSIDRO,8,1,30%-50%,79,Verbena Apartments,no,no,80,40,1
92173,SAN YSIDRO,8,1,30%-60%,44,El Pedregal,no,no,80,40,1
92173,SAN YSIDRO,8,1,50%-60%,137,Paseo La Paz,no,no,80,40,1
92173,SAN YSIDRO,8,1,50%-60%,395,Villa Nueva Apartments,no,no,80,40,1
92173,SAN YSIDRO,8,1,60%-60%,2,Raintree Terrace,no,no,80,40,1
92173-2152,SAN YSIDRO,8,0,80%-80%,66,2005 Alaquinas Dr,yes,no,80,40,1
92173-2901,SAN YSIDRO,8,0,80%-80%,71,178 Calle Primera,yes,no,80,40,1
92173-2942,SAN YSIDRO,8,0,80%-80%,41,391 Sycamore Road,yes,no,80,40,1
92173-2948,SAN YSIDRO,8,0,80%-80%,24,402 Sycamore Road,yes,no,80,40,1
92173-2997,SAN YSIDRO,8,0,80%-80%,24,281 Sycamore Road,yes,no,80,40,1
